datem,href,title,
,,,
2018/08/02?,www.zzti.edu.cn/info/1044/21214.htm,关于发布中国大气复合污染的成因、健康影响与应对机制联合重大研究计划2018年度项目指南的通告,
,,,
,,,
,,,
2018/07/09?,www.zzti.edu.cn/info/1044/21122.htm,关于2018年度理论物理专款项目申请的通知,
,,,
,,,
,,,
2018/07/12?,www.zzti.edu.cn/info/1044/21143.htm,外请专家张同华教授讲座通知,
,,,
,,,
,,,
2018/07/12?,www.zzti.edu.cn/info/1044/21144.htm,研究生创新教育讲座――多场耦合渗流力学及工程应用,
,,,
,,,
,,,
2018/07/09?,www.zzti.edu.cn/info/1044/21123.htm,关于收回2015年度结题项目结余资金的预通知(国科金函财〔2018〕35号),
,,,
,,,
,,,
2018/07/10?,www.zzti.edu.cn/info/1044/21134.htm,关于组织开展2018年河南省高校科技创新团队和人才支持计划考核验收工作的通知,
,,,
,,,
,,,
2018/07/23?,www.zzti.edu.cn/info/1044/21190.htm,关于开展2018年度河南省国际联合实验室培育工作的通知,
,,,
,,,
,,,
2018/07/17?,www.zzti.edu.cn/info/1044/21170.htm,关于做好2018年度国家社科基金重大项目投标工作的通知,
,,,
,,,
,,,
2018/07/24?,www.zzti.edu.cn/info/1044/21191.htm,关于转发科技部国家重点研发计划“蓝色粮仓科技创新”等重点专项2018年度项目申报指南的通知,
,,,
,,,
,,,
2018/07/29?,www.zzti.edu.cn/info/1044/21201.htm,关于申报2018年度“中国商业联合会科学技术奖”的通知,
,,,
,,,
,,,
2018/07/29?,www.zzti.edu.cn/info/1044/21202.htm,关于申报2018年度“中国商业联合会服务业科技创新奖”的通知,
,,,
,,,
,,,
2018/07/31?,www.zzti.edu.cn/info/1044/21203.htm,关于申报2018年国家社科基金中华学术外译项目的通知,
,,,
,,,
,,,
2018/08/01?,www.zzti.edu.cn/info/1044/21208.htm,关于申报2019年度教育部人文社科科学研究一般项目的通知,
,,,
,,,
,,,
2018/08/02?,www.zzti.edu.cn/info/1044/21212.htm,关于发布大数据驱动的管理与决策研究重大研究计划2018年度项目指南的通告,
,,,
2018/08/02?,www.zzti.edu.cn/info/1044/21213.htm,关于发布面向能源的光电转换材料重大研究计划2018年度项目指南的通告,
,,,
,,,
,,,
,,,
,,,
2018/06/12?,www.zzti.edu.cn/info/1044/20941.htm,外请专家吴文勇教授讲座通知,
,,,
,,,
,,,
2018/06/13?,www.zzti.edu.cn/info/1044/20973.htm,外请专家冯宝峰教授讲座通知,
,,,
,,,
,,,
2018/06/14?,www.zzti.edu.cn/info/1044/20974.htm,研究生创新教育讲座――基于时空美学的新闻叙事,
,,,
,,,
,,,
2018/06/14?,www.zzti.edu.cn/info/1044/20976.htm,关于推荐2018年度高等学校科学研究优秀成果奖（科学技术）的通知,
,,,
,,,
,,,
2018/06/15?,www.zzti.edu.cn/info/1044/20980.htm,弘德讲坛――美国佐治亚理工学院王幼江教授、姚冬刚教授学术讲座,
,,,
,,,
,,,
2018/06/15?,www.zzti.edu.cn/info/1044/20988.htm,关于组织申报冷门“绝学”和国别史等研究专项的通知,
,,,
,,,
,,,
2018/06/15?,www.zzti.edu.cn/info/1044/20983.htm,研究生创新教育讲座--有机场效应晶体管及其功能性应用,
,,,
,,,
,,,
2018/06/20?,www.zzti.edu.cn/info/1044/21001.htm,外请专家王景涛讲座通知,
,,,
2018/06/15?,www.zzti.edu.cn/info/1044/20991.htm,研究生创新教育讲座--环境科学及污染控制的发展趋势,
,,,
,,,
,,,
,,,
,,,
2018/06/15?,www.zzti.edu.cn/info/1044/20992.htm,弘德讲坛――天津大学毛陆虹教授学术报告会,
,,,
,,,
,,,
2018/06/21?,www.zzti.edu.cn/info/1044/21016.htm,弘德讲坛--郑州机械研究所龙伟民研究员学术讲座,
,,,
,,,
,,,
2018/06/15?,www.zzti.edu.cn/info/1044/20990.htm,弘德讲坛――中国科学院半导体研究所陈弘达研究员学术讲座,
,,,
,,,
,,,
2018/06/25?,www.zzti.edu.cn/info/1044/21034.htm,弘德讲坛--郑州大学付永柱教授学术讲座,
,,,
,,,
,,,
2018/06/25?,www.zzti.edu.cn/info/1044/21035.htm,弘德讲坛--中科院宁波材料所方省众研究员学术讲座,
,,,
,,,
,,,
2018/06/25?,www.zzti.edu.cn/info/1044/21040.htm,弘德讲坛――美国波士顿学院David Sidney Olson教授学术报告,
,,,
,,,
,,,
2018/06/26?,www.zzti.edu.cn/info/1044/21054.htm,弘德讲坛--西北大学韩英锋教授学术讲座,
,,,
,,,
,,,
2018/06/26?,www.zzti.edu.cn/info/1044/21056.htm,弘德讲坛--华中科技大学王得丽教授学术讲座,
,,,
2018/06/27?,www.zzti.edu.cn/info/1044/21067.htm,研究生创新教育讲座――天然产物Fostriecin和Ingramycin的合成,
,,,
,,,
,,,
2018/06/28?,www.zzti.edu.cn/info/1044/21070.htm,研究生创新教育讲座--低温烟气余热利用技术及其中的科学问题,
,,,
,,,
,,,
,,,
,,,
2018/07/03?,www.zzti.edu.cn/info/1044/21094.htm,关于组织申报2018年河南省产业技术创新战略联盟的通知,
,,,
2018/07/03?,www.zzti.edu.cn/info/1044/21093.htm,关于组织申报2018年河南省工程技术研究中心的通知,
,,,
,,,
,,,
,,,
,,,
2018/07/05?,www.zzti.edu.cn/info/1044/21104.htm,弘德讲坛--东华大学毛志平教授学术讲座,
,,,
,,,
,,,
2018/07/06?,www.zzti.edu.cn/info/1044/21110.htm,外请专家王静副研究员讲座通知,
,,,
,,,
,,,
2018/07/05?,www.zzti.edu.cn/info/1044/21105.htm,弘德讲坛--东华大学王华平研究员学术讲座,
,,,
,,,
,,,
datem,href,title,
,,,
2018/08/02?,www.zzti.edu.cn/info/1044/21214.htm,关于发布中国大气复合污染的成因、健康影响与应对机制联合重大研究计划2018年度项目指南的通告,
,,,
,,,
,,,
2018/07/12?,www.zzti.edu.cn/info/1044/21143.htm,外请专家张同华教授讲座通知,
,,,
,,,
,,,
2018/07/03?,www.zzti.edu.cn/info/1044/21094.htm,关于组织申报2018年河南省产业技术创新战略联盟的通知,
,,,
,,,
,,,
2018/07/09?,www.zzti.edu.cn/info/1044/21123.htm,关于收回2015年度结题项目结余资金的预通知(国科金函财〔2018〕35号),
,,,
,,,
,,,
2018/07/05?,www.zzti.edu.cn/info/1044/21104.htm,弘德讲坛--东华大学毛志平教授学术讲座,
,,,
,,,
,,,
2018/07/10?,www.zzti.edu.cn/info/1044/21134.htm,关于组织开展2018年河南省高校科技创新团队和人才支持计划考核验收工作的通知,
,,,
,,,
,,,
2018/07/09?,www.zzti.edu.cn/info/1044/21122.htm,关于2018年度理论物理专款项目申请的通知,
,,,
,,,
,,,
2018/07/05?,www.zzti.edu.cn/info/1044/21105.htm,弘德讲坛--东华大学王华平研究员学术讲座,
,,,
2018/07/06?,www.zzti.edu.cn/info/1044/21110.htm,外请专家王静副研究员讲座通知,
,,,
,,,
,,,
,,,
,,,
2018/07/12?,www.zzti.edu.cn/info/1044/21144.htm,研究生创新教育讲座――多场耦合渗流力学及工程应用,
,,,
,,,
,,,
2018/07/17?,www.zzti.edu.cn/info/1044/21170.htm,关于做好2018年度国家社科基金重大项目投标工作的通知,
,,,
,,,
,,,
2018/07/23?,www.zzti.edu.cn/info/1044/21190.htm,关于开展2018年度河南省国际联合实验室培育工作的通知,
,,,
2018/07/24?,www.zzti.edu.cn/info/1044/21191.htm,关于转发科技部国家重点研发计划“蓝色粮仓科技创新”等重点专项2018年度项目申报指南的通知,
,,,
,,,
,,,
2018/07/29?,www.zzti.edu.cn/info/1044/21201.htm,关于申报2018年度“中国商业联合会科学技术奖”的通知,
,,,
,,,
,,,
,,,
,,,
2018/06/12?,www.zzti.edu.cn/info/1044/20941.htm,外请专家吴文勇教授讲座通知,
,,,
,,,
,,,
2018/07/29?,www.zzti.edu.cn/info/1044/21202.htm,关于申报2018年度“中国商业联合会服务业科技创新奖”的通知,
,,,
,,,
,,,
2018/06/14?,www.zzti.edu.cn/info/1044/20974.htm,研究生创新教育讲座――基于时空美学的新闻叙事,
,,,
,,,
,,,
2018/07/31?,www.zzti.edu.cn/info/1044/21203.htm,关于申报2018年国家社科基金中华学术外译项目的通知,
,,,
2018/06/13?,www.zzti.edu.cn/info/1044/20973.htm,外请专家冯宝峰教授讲座通知,
,,,
,,,
,,,
,,,
,,,
2018/06/14?,www.zzti.edu.cn/info/1044/20976.htm,关于推荐2018年度高等学校科学研究优秀成果奖（科学技术）的通知,
,,,
,,,
,,,
2018/06/15?,www.zzti.edu.cn/info/1044/20983.htm,研究生创新教育讲座--有机场效应晶体管及其功能性应用,
,,,
,,,
,,,
2018/06/15?,www.zzti.edu.cn/info/1044/20980.htm,弘德讲坛――美国佐治亚理工学院王幼江教授、姚冬刚教授学术讲座,
,,,
,,,
,,,
2018/06/15?,www.zzti.edu.cn/info/1044/20988.htm,关于组织申报冷门“绝学”和国别史等研究专项的通知,
,,,
2018/06/20?,www.zzti.edu.cn/info/1044/21001.htm,外请专家王景涛讲座通知,
,,,
,,,
,,,
2018/06/15?,www.zzti.edu.cn/info/1044/20990.htm,弘德讲坛――中国科学院半导体研究所陈弘达研究员学术讲座,
,,,
,,,
,,,
2018/06/15?,www.zzti.edu.cn/info/1044/20992.htm,弘德讲坛――天津大学毛陆虹教授学术报告会,
,,,
,,,
,,,
2018/06/15?,www.zzti.edu.cn/info/1044/20991.htm,研究生创新教育讲座--环境科学及污染控制的发展趋势,
,,,
,,,
,,,
,,,
,,,
2018/06/21?,www.zzti.edu.cn/info/1044/21016.htm,弘德讲坛--郑州机械研究所龙伟民研究员学术讲座,
,,,
2018/06/25?,www.zzti.edu.cn/info/1044/21035.htm,弘德讲坛--中科院宁波材料所方省众研究员学术讲座,
,,,
,,,
,,,
,,,
,,,
2018/06/25?,www.zzti.edu.cn/info/1044/21034.htm,弘德讲坛--郑州大学付永柱教授学术讲座,
,,,
2018/06/25?,www.zzti.edu.cn/info/1044/21040.htm,弘德讲坛――美国波士顿学院David Sidney Olson教授学术报告,
,,,
,,,
,,,
,,,
,,,
2018/06/26?,www.zzti.edu.cn/info/1044/21056.htm,弘德讲坛--华中科技大学王得丽教授学术讲座,
,,,
2018/06/26?,www.zzti.edu.cn/info/1044/21054.htm,弘德讲坛--西北大学韩英锋教授学术讲座,
,,,
,,,
,,,
,,,
,,,
2018/07/03?,www.zzti.edu.cn/info/1044/21093.htm,关于组织申报2018年河南省工程技术研究中心的通知,
,,,
,,,
,,,
2018/08/01?,www.zzti.edu.cn/info/1044/21208.htm,关于申报2019年度教育部人文社科科学研究一般项目的通知,
,,,
2018/06/28?,www.zzti.edu.cn/info/1044/21070.htm,研究生创新教育讲座--低温烟气余热利用技术及其中的科学问题,
,,,
2018/06/27?,www.zzti.edu.cn/info/1044/21067.htm,研究生创新教育讲座――天然产物Fostriecin和Ingramycin的合成,
,,,
,,,
,,,
,,,
,,,
,,,
,,,
2018/08/02?,www.zzti.edu.cn/info/1044/21213.htm,关于发布面向能源的光电转换材料重大研究计划2018年度项目指南的通告,
,,,
,,,
,,,
2018/08/02?,www.zzti.edu.cn/info/1044/21212.htm,关于发布大数据驱动的管理与决策研究重大研究计划2018年度项目指南的通告,
,,,
,,,
,,,
content,datem,href,title
,,,
,2018/08/02?,www.zzti.edu.cn/info/1044/21212.htm,关于发布大数据驱动的管理与决策研究重大研究计划2018年度项目指南的通告
,,,
,2018/08/02?,www.zzti.edu.cn/info/1044/21213.htm,关于发布面向能源的光电转换材料重大研究计划2018年度项目指南的通告
,,,
,2018/08/02?,www.zzti.edu.cn/info/1044/21214.htm,关于发布中国大气复合污染的成因、健康影响与应对机制联合重大研究计划2018年度项目指南的通告
,,,
基于结构正向设计和装配式设计吴文勇 教授2018年6月13日上午中原工学院龙湖校区号实验楼室吴文勇北京大学力学系硕士，广东省建筑设计研究院电算中心总工程师、广厦建筑结构系列软件创始人。年北京大学力学系硕士研究生毕业。历任深圳市华星公司工程师，深圳市广厦科技有限公司总工程师，广东省建筑设计研究院电算中心总工程师。曾获建设部华夏建设科学技术奖二等奖、全国优秀工程勘察设计行业计算机软件三等奖、广东省科学技术进步奖二等奖、广东省科学技术进步奖三等奖、广东省优秀工程设计计算机软件一等奖等等。欢迎广大师生积极参加！?科技处研究生处建筑工程学院2018年月日,2018/06/12?,www.zzti.edu.cn/info/1044/20941.htm,外请专家吴文勇教授讲座通知
,,,
AKNS可积族与双线性方法冯宝峰教授2018年月日（周二）龙湖校区号实验楼室冯宝峰教授，早年毕业于清华大学，获物理学及数学双学士学位，先后获得日本名古屋大学硕士、京都大学博士学位，现任美国得克萨斯大学（）数学与统计学院终身教授。冯教授在应用与计算数学领域建树颇丰，研究兴趣主要包括非线性波及其在流体力学与非线性光学中的应用，连续与离散可积系统以及的数值解法。冯教授至今已在国际知名期刊上发表学术论文余篇，被引用超千次。曾获项来自美国国家科学基金、中国国家自然科学基金委员会海外及港澳学者合作研究基金、美国国防部及陆军研究局的项目资助。冯教授分别于年和年两次荣获日本学术振兴会访问东京大学、京都大学、早稻田大学等，组织国际会议四次及国际会议专题余次。?欢迎广大师生积极参加！ ??科技处理学院? 2018年月日?,2018/06/13?,www.zzti.edu.cn/info/1044/20973.htm,外请专家冯宝峰教授讲座通知
,,,
基于时空美学的新闻叙事年月日（周五）上午―号组团教学楼教室? 陈燕侠，中共党员。毕业于郑州大学。?主要研究新闻报道创新及写作美学，在所研究领域有着较高的学术成就：在专业学术期刊发表论文多篇，出版学术专著部独著，担任主编或副主编出版著作部；主持完成或参与省部级等科研课题多项，著作《全媒体时代的词传播》获河南省社会科学成果二等奖、河南省教育厅人文社科优秀成果一等奖。??? 欢迎全校师生参加！??????????新闻与传播学院、研究生处、研工部年月日,2018/06/14?,www.zzti.edu.cn/info/1044/20974.htm,研究生创新教育讲座――基于时空美学的新闻叙事
,,,
,2018/06/14?,www.zzti.edu.cn/info/1044/20976.htm,关于推荐2018年度高等学校科学研究优秀成果奖（科学技术）的通知
,,,
"???1.多孔多层中空碳纤维在储能领域的应Ultrafine Porous Multilayer Hollow Carbon Fibers for Energy Storage（王幼江）??2.基于新兴应用的聚合物、纤维和复合材料加工??? Polymer, Fiber & Composites Processing for Emerging Applications（姚冬刚）王幼江 教授姚冬刚 教授2018年月日（星期二）下午龙湖校区号楼学术报告厅王幼江，美国佐治亚理工学院材料科学与工程系教授，年在上海东华大学纺织工程专业获得学士学位。分别于年和年在美国麻省理工机械工程专业获得硕士和博士学位。随后加入美国佐治亚理工学院。年成为纤维协会会员，年在佐治亚州成为注册专业工程师，年成为美国机械工程师学会会员。他的研究方向主要包括纤维组件力学、合成纤维和纺织品加工、纤维废料回收和纤维增强复合材料等。发表论文多篇，在纺织品加工和复合材料技术方向拥有项美国授权专利，多次在学术会议上发表重要演讲，目前是、等的编委。姚冬刚，美国佐治亚理工学院材料科学与工程系教授，年在上海交通大学精密仪器专业获得学士学位，至年在苏州第一光学仪器厂工作，年和年在马萨诸塞州大学（阿姆赫斯特）机械专业分别获得硕士和博士学位，至年任奥克兰大学机械系助理教授，年起在佐治亚理工学院工作。教学和研究方向是高分子材料加工及成型，与工业实践紧密结合，现阶段研究重点包括：高强纤维纺丝新工艺、聚合物复合材料加工、塑料精密加工、粘弹本构方程、塑料加工建模等。他是年美国国家基金委奖获得者。在高分子材料加工方向发表了约篇学术论文。目前是美国机械工程学会期刊《加工科学与工程》的副编辑之一，也是国际期刊《聚合物工程与科学》的顾问委员之一。之前担任过美国机械学会跟纺织、高分子材料及复合材料相关的多个技术分委会的主席。年度负责国际塑料学会的应用流变学分委会的年会编辑。欢迎广大师生积极参加，学习交流！??? ?科技处纺织学院????? 2018年月日",2018/06/15?,www.zzti.edu.cn/info/1044/20980.htm,弘德讲坛――美国佐治亚理工学院王幼江教授、姚冬刚教授学术讲座
,,,
2018年6月19日（周二）下午14:3010#2181996-2006年，在吉林大学先后经历本科、硕士、博士阶段学习。2006年获得博士学位，同年留在吉林大学任教至今。2007-2009年，在中科院长春应用化学研究所做博士后研究。2014年-2015年在韩国延世大学做博士后研究。2014年入选首批吉林大学优秀青年教师培育计划(重点阶段)。2018年入选吉林大学优秀青年教师培育计划(精英阶段)主要研究方向是有机场效应晶体管及其在集成电路、存储器、传感器等领域的功能性应用研究。――非易失性存储器方面的部分研究工作。,2018/06/15?,www.zzti.edu.cn/info/1044/20983.htm,研究生创新教育讲座--有机场效应晶体管及其功能性应用
,,,
?经全国哲学社会科学工作领导小组批准，国家社科基金自年起设立冷门“绝学”和国别史等研究专项，加强对相关领域研究的资助力度，重点资助一批研究项目。现将有关情况通知如下：以习近平新时代中国特色社会主义思想和习近平总书记关于哲学社会科学工作的重要论述为指导，紧紧围绕加快构建中国特色哲学社会科学，始终遵循立足中国、借鉴国外，挖掘历史、把握当代，关怀人类、面向未来的思路，切实加强学科体系、学术体系、话语体系建设和创新，重视发展具有重要文化价值和传承意义的“绝学”、冷门学科，确保有人做、有传承。重点围绕对国家战略发展具有重要意义而研究投入不足的基础学科，对文化传承具有重要价值而亟需抢救的濒危学科，对中国特色哲学社会科学构建具有重要作用而有待加强的特色学科等。涉及一级学科主要包括哲学、中国历史、世界历史、考古学、中国文学、外国文学、宗教学、民族学、语言学等人文基础学科，涵盖敦煌学、藏学、边疆史、边海防史、非物质文化遗产研究、历史地理学、地名学、中小国家特别是“一带一路”沿线国家国别史、周边外交及中外交往史、少数民族史、简牍学、古文字学、少数民族语言文学、外语小语种、因明学等学科领域。1.请参考以上研究领域，结合自身科研优势特色，把握研究重点，组建精干、高效的专业研究团队。我省择优上报个自拟研究选题，开展综合性或专题性研究。要精心选择政治素质高、前期积累扎实、学术信誉良好、潜心治学“甘坐冷板凳”的学者担任课题负责人，鼓励青年学者申报相关课题。为避免重复资助，凡主持在研内容相同或相近的国家社科基金项目、马克思主义理论研究和建设工程项目、教育部哲学社会科学重大攻关项目、教育部人文社会科学重点研究基地重大项目及其他国家级科研项目、省部级重点项目等学者，不能作为课题负责人申请本专项。2.国家将组织专家对申报材料进行政治和学术把关，以专项研究课题方式择优立项。资助强度根据研究的实际需要确定，一般为每项万元。3.本研究专项立项课题研究周期为年。课题组应按年度提交正式发表的有分量、有深度、有较大影响力的研究成果，国家将择优在《光明日报》《中国社会科学报》国家社科基金专版和我办工作网站宣传推介。4.申请人需提交申请书一式份，用计算机填写、纸双面印制、中缝装订。申报人于年月日前将材料报送至社科处，报送纸质材料的同时报送电子版。联 系 人：蔡森联系电话：?社会科学处2018年月日?,2018/06/15?,www.zzti.edu.cn/info/1044/20988.htm,关于组织申报冷门“绝学”和国别史等研究专项的通知
,,,
?飞速发展的半导体科学技术陈弘达研究员2018年月日（星期二）下午龙湖校区图书馆北楼学术报告厅陈弘达，中国科学院半导体研究所研究员，博士生导师，中国科学院大学教授。国家新材料产业发展专家咨询委员会成员，国家科技重大工程“重点新材料研发及应用” 实施方案编写专家组成员，“十三五”国家重点研发计划“战略性先进电子材料”实施方案编写专家组和总体专家组组长，中国光学学会光电技术专业委员会副主任，北京电子学会半导体专业委员会副主任，中国电子学会半导体与集成技术分会委员，中国材料研究学会常务理事，证监会第一届、二届创业板专家咨询委委员，“半导体科学与技术丛书”副主编。曾赴日本名古屋工业大学做访问学者，赴德国维尔茨堡大学做高级访问学者。长期从事光电子与微电子学方面的科研工作，目前研究方向为光电子与微电子集成器件、集成电路与系统。包括光电子与微电子集成回路、可见光通信与半导体照明智能控制系统、生物医学应用半导体器件与系统、脑机交互智能芯片与应用技术等。在国内外学术刊物和会议上发表论文余篇，编著《甚短距离光传输技术》、《微电子与光电子集成技术》等专著，申请发明专利项。欢迎广大师生积极参加，学习交流！?科技处电子信息学院2018年月日,2018/06/15?,www.zzti.edu.cn/info/1044/20990.htm,弘德讲坛――中国科学院半导体研究所陈弘达研究员学术讲座
,,,
2018年6月2010:00―11：304号楼3112003年中国科学院化学研究所博士毕业，2003至2004年法国国家科学院微生物研究所博士后，2004至2005年以色列魏兹曼研究所博士后。兼任中国重金属防治委员会委员、中国化学会仪器分析与生命科学委员会委员、北京市节能环保中心专家组成员。2项，负责并参与国家环境保护污染防治技术政策制（修）订。在环境领域发表文章100余篇，出版书籍8部，获得发明专利2项，软件著作权4项。,2018/06/15?,www.zzti.edu.cn/info/1044/20991.htm,研究生创新教育讲座--环境科学及污染控制的发展趋势
,,,
?射频识别技术及其应用毛陆虹教授2018年月日（星期二）下午―龙湖校区图书馆北楼学术报告厅毛陆虹，天津大学教授，信息与通信系统博士生导师，微电子学与固体电子学博士生导师； 年本科毕业于天津大学半导体物理与器件专业，年博士毕业于天津大学微电子学与固体电子学专业；年赴美国波特兰州立大学做通信集成电路方向的高级访问学者。主要从事的研究领域：（）可见光通信专用芯片（）射频识别技术（）射频集成电路（）光纤通信用集成电路。承担国家级科研项目项 省部级项；申请专利项，授权项，发表论文篇，其中、双检论文篇，篇，核心篇。受邀作为等期刊审稿人；国家自然基金委、国家留学基金委、中国博士后基金会、教育部学位中心等通讯评议专家会评专家。中国电工技术学会半导体光源系统专业委员会副主任委员，会员。欢迎广大师生积极参加，学习交流！?科技处电子信息学院2018年月日,2018/06/15?,www.zzti.edu.cn/info/1044/20992.htm,弘德讲坛――天津大学毛陆虹教授学术报告会
,,,
膜传递通道准确构筑王景涛教授2018年月日（星期五）上午龙湖校区号实验楼室化学、材料、能源、纺织等相关学科教师和学生王景涛，郑州大学化工与能源学院教授。年获天津大学学士学位；年获天津大学硕士学位；年获天津大学博士学位；年阿德莱德大学“千人计划”入选者乔世璋教授团队访问学者；年至今在郑州大学化工与能源学院工作。目前研究方向：膜微结构的可控构筑与分离过程强化。主持或完成国家自然科学基金项、霍英东教育基金会高校青年教师基金项，河南省高校科技创新人才计划项，中国博士后科学基金特别资助项；以第一通讯作者（含共同通讯）在、（正封面文章）、、等期刊发表论文篇，影响因子加合；论文被子刊（）等他引次；授权中国发明专利项；、等期刊审稿人。???? 科技处材料与化工学院先进材料研究中心?2018年月日,2018/06/20?,www.zzti.edu.cn/info/1044/21001.htm,外请专家王景涛讲座通知
,,,
笃学审问善明辨 慎思尚行圆梦想龙伟民?研究员2018年月日（星期六）上午中原校区亚太楼室化学、材料、能源、纺织等相关学科教师和学生??? 龙伟民，男，生于年，博导，研究员。现任郑州机械研究所副所长、新型钎焊材料与技术国家重点实验室主任，先进钎焊技术国际联合研究基地主任，绿色焊接国家重点领域创新团队带头人、万人计划科技创新领军人才、享受国务院特殊津贴专家、中原学者，河南省科技创新杰出人才，郑州市科学技术特别贡献奖获得者。兼任中国焊接学会钎料分专委会主任、国家焊接标准化技术委员会副主任、河南省焊接学会副理事长秘书长。作为学术、技术和行政负责人，创建“新型钎焊材料与技术国家重点实验室”、“先进钎焊材料与技术国际科技合作基地”、“绿色焊接材料与技术”国家重点领域创新团队和中原绿色焊接产业技术创新战略联盟。构建应用基础研究、国际前沿合作、重点领域重大工程应用和行业转型升级的创新链，引领产学研用有机融合。龙伟民研究员主要从事焊接材料、工艺与设备的研发和产业化。先后主持完成国家、、科技支撑、重大科技专项、国际科技合作、省市重大科技专项等科研项目余项；解决了多种飞行器、载人航天、、等重大科技工程中的技术难题；作为第一完成人获国家科技进步二等奖项、中国专利优秀奖项、省部级科技奖一等奖项其中河南省技术发明奖项、科技进步奖项和中国机械工业科技进步奖项；获国家发明专利授权件，编著出版著作本，发表学术论文余篇执笔撰写篇；指导博士研究生人、硕士研究生人；通过省部级科技成果鉴定项，其中项达到国际领先水平、项达国际先进水平；作为第一完成人获国家科技进步二等奖项、中国专利奖项、省部级科技进步一等奖项、行业科技奖项；近年，带领团队通过科技成果转化与产业化创收亿元。欢迎广大师生积极参加！???科技处材料与化工学院先进材料研究中心2018年月日,2018/06/21?,www.zzti.edu.cn/info/1044/21016.htm,弘德讲坛--郑州机械研究所龙伟民研究员学术讲座
,,,
二次锂硫电池的现状与展望付永柱 教授2018年月日（星期二）下午化学、材料、能源、纺织等相关学科教师和学生付永柱，郑州大学化学与分子工程学院特聘教授，博士生导师。年博士毕业于美国德克萨斯大学奥斯汀分校材料科学与工程专业，随后在美国劳伦斯伯克利国家实验室作博士后。年底加入林泰克公司从事电化学能源转换与存储器件的开发，期间主持了美国能源部，海军研究办公室、国防部，及农业部等科研项目。年受邀回到德克萨斯大学主要负责锂硫电池材料的研究，期间共同主持了美国能源高级研究计划局的锂硫电池重大项目。年月作为助理教授加入印第安纳大学普渡大学联合分校进行科研和教学工作。期间主持了美国国家航空航天局、自然科学基金、及普渡研究基金等科研项目。期间还担任了美国自然科学基金、陆军研究办公室、及化学学会石油研究基金等项目评审人。年入选中组部第十三批“千人计划”青年项目，并于月份入职郑州大学。付教授的研究领域包括高能量电池电极材料、高离子选择性膜材料、及高效催化材料。已在等国际著名期刊上发表论文余篇，引用超过次，指数为。欢迎广大师生积极参加！??????????????? ????????????????科技处?材料与化工学院?先进材料研究中心???????????????????????????????????? 2018年月日,2018/06/25?,www.zzti.edu.cn/info/1044/21034.htm,弘德讲坛--郑州大学付永柱教授学术讲座
,,,
聚酰亚胺特种工程塑料和薄膜技术研发方省众 研究员2018年月日（星期二）下午龙湖校区报告厅化学、材料、能源、纺织等相关学科教师和学生方省众，博士，研究员，博士生导师。浙江省“新世纪人才工程”和宁波市领军拔尖人才入选者，获得浙江省青年科学家和浙江省“钱江人才计划”资助。　 年毕业于郑州大学应用化学专业。年在中科院长春应用化学研究所硕博连读获博士学位。年在韩国有机光电材料实验室从事博士后研究。年在韩国从事用液晶取向剂的研发工作。在国际著名期刊如等发表文章多篇，申请中国专利和国际专利多项，其中项授权，技术转移项，参编《特种工程塑料及应用》专著部。主要从事高性能、高功能高分子材料的基础和应用研究。近期研究方向集中在：（）热塑性聚酰亚胺工程塑料的合成、加工和产业化研究；（）功能性聚酰亚胺材料如无色透明、低介电常数聚酰亚胺的研发；（）高性能聚酰亚胺复合材料用树脂的合成及改性加工研究（）特种涂料和胶黏剂的研发。承担参与国家项目、科技支撑计划、科技部重点研发计划、浙江省国际合作、广东省和吉林省与中国科学院合作专项以及国内外公司委托项目多项。欢迎广大师生积极参加，学习交流！??科技处 材料与化工学院 先进材料研究中心2018年月日,2018/06/25?,www.zzti.edu.cn/info/1044/21035.htm,弘德讲坛--中科院宁波材料所方省众研究员学术讲座
,,,
：知识产权的保护与运用：大卫?奥尔森：年月日（周二）0：南区八号楼模拟法庭：David Sidney Olson教授，哈佛大学法学博士，波士顿学院法学院创新与创业项目部主任，专利诉讼律师。曾任职于美国第五巡回法院上诉法庭、斯坦福法学院互联网与社会研究中心。年至今任教于波士顿学院法学院。主讲专利法、知识产权法、反垄断法等，研究方向集中于专利、版权、反垄断、宪法第一修正案版权问题、创新与竞争的激励等领域，在美国乃至世界知识产权法学界具有较大影响，学术成果常被美国最高法院和其他法律意见书引用，曾就药物专利、美国食品与药物管理局条例和反垄断等议案在美国国会作证，华尔街日报、美联社、路透社等媒体常引述其看法和观点，担任加拿大公共广播电台、波士顿多家广播电台法律嘉宾主持，并在芝加哥论坛报、华盛顿邮报、美国国会山报网站等世界知名媒体发表多篇专栏文章。欢迎广大师生踊跃参加！社科处、法学院知识产权学院 2018年月日?,2018/06/25?,www.zzti.edu.cn/info/1044/21040.htm,弘德讲坛――美国波士顿学院David Sidney Olson教授学术报告
,,,
讲座题目：金属卡宾模板导向的光化学反应讲 座 人：韩英锋?教授讲座时间：年月日（星期一）下午讲座地点：龙湖校区号楼报告厅参会人员：化学、材料、能源、纺织等相关学科教师和学生讲座人简介：韩英锋，男，博士，“秦岭学者”特聘教授，博士生导师，洪堡学者、国家优青、中组部青年拔尖。年在复旦大学获得理学博士学位后留校工作，年破格晋升为副教授、硕士生导师；年破格获得博士生导师资格。期间在德国明斯特大学从事博士后研究（洪堡学者）。年以特殊人才引进西北大学，负责筹建了“功能分子与能源材料”国际联合实验室（年入选陕西省创新引智示范基地）。主要从事有机金属化学，超分子化学研究，、、、等杂志上发表论文余篇。担任、等杂志编委。主持或参与包括国家自然科学基金优青、重点、面上等在内科研项目十余项。曾获上海市优秀学生；中国科学院奖学金（一等）；复旦大学校长奖；全国优秀博士论文提名奖；先后入选上海市青年科技启明星计划、浦江人才计划；获国家基金委优秀青年基金资助，入选中组部 “万人计划”青年拔尖人才，陕西省千人计划特聘专家。???研究方向：功能导向的有机金属化学，超分子化学。可应用于小分子（氮气、氢气、甲烷、一氧化碳、乙烯等）活化与转化的金属配合物的设计与合成，利用金属―碳键的形成和断裂制备功能目标分子。利用超分子自组装制备可应用于主客体化学、小分子选择性吸附与分离的功能材料。欢迎广大师生积极参加，学习交流！??科技处 材料与化工学院 先进材料研究中心2018年月日?,2018/06/26?,www.zzti.edu.cn/info/1044/21054.htm,弘德讲坛--西北大学韩英锋教授学术讲座
,,,
 2018年5“废物处理处置资源化”。浙江省杰出青年基金项目获得者，国家教育部新世纪优秀人才。浙江省新世纪151人才。现担任浙江大学环境污染防治研究所所长，浙江大学-富士电机合作中心环境实验室主任，浙江省环保装备科技创新服务平台副主任，浙江省“五水共治”技术专家。长期从事废物生物处理资源化技术理论与工程化应用研究。先后主持承担了国家“水体污染控制与治理”科技重大专项项目课题、国家863计划项目课题以及浙江省科技计划重大重点项目；在废物污染控制与资源化技术研究方面已有10余项成果获得规模化工程应用，相关成果先后获浙江省科技进步一等奖1项（排名第一），作为骨干成员获国家科技进步二等奖1项，国家教育部科技进步一等奖1项，浙江省科技进步二等奖1项。 ? ? ? ? ? ? ? ? ? ? ? ? ? ? ? ? ? ? ? ? ? ? ? ? ? ? ??? ?2018年5月16日,2018/05/16?,www.zzti.edu.cn/info/1044/20779.htm,研究生创新教育讲座--生活垃圾分类减量资源化技术研究
,,,
20092016“郑州社科网”（OA31812374 62506920?2018??,2018/05/18?,www.zzti.edu.cn/info/1044/20790.htm,关于做好2017―2018年度郑州市社会科学优秀成果评奖申报工作的通知
,,,
,2018/05/18?,www.zzti.edu.cn/info/1044/20792.htm,关于征集郑州市科技专家库专家的通知
,,,
：公共危机管理视域下的环境污染分析年月日（周四）上午号楼教室刘科，男，汉族，年生，河南省遂平县人，中共党员，教授，博士，硕士生导师。曾任河南师范大学政治与公共管理学院副院长，现任河南师范大学社会科学处副处长。目前主要研究技术哲学、科技伦理学和教育。近几年在《自然辩证法通讯》、《自然辩证法研究》等期刊上发表论文“哲学反思：不能失去的是技术”、“对克隆技术矢量的恐惧及人类中心主义的技术观”、“克隆人技术与其社会现象背后的华而不实性”、“科学界中的反克隆人运动：理由及选择”和“人类生育技术化与传统伦理框架的开放”等十余篇；出版有专著《后克隆时代的技术价值分析》（中国社会科学出版社，）；主持科研项目“技术发展的社会舆论调适问题研究――以我国克隆技术研究为例”、“河南省高等师范院校本科生课程体系设置和教学内容的改革与实践探索”等；获河南省教育厅教育科学一等奖项，河南省教育厅人文社会科学研究成果奖三等奖项。 ? 欢迎全校师生参加！马克思主义学院、研究生处、研工部年月日,2018/05/21?,www.zzti.edu.cn/info/1044/20796.htm,研究生创新教育讲座――公共危机管理视域下的环境污染群体性事件分析
,,,
实现多目标优化的先进演化算法Gary G. Yen? 教授2018年月日下午中原工学院龙湖校区图书馆北八楼学术报告厅Gary G. Yen教授于年在美国圣母大学获电气与计算机工程专业的博士学位。目前为美国俄克拉荷马州立大学电气与计算机工程学院的董事讲席教授。教授是国际智能控制、计算智能、进化多目标优化等领域著名专家学者，在智能控制、多目标优化、健康监测及其工业国防应用做出了突出的工作。年，任计算智能协会主席，并于和两次获得杰出讲师奖。曾担任和的编委。目前是和的编委。教授是的创始主编。年获得系统、人与控制协会的最佳会刊论文奖。年获得由计算智能协会颁发的卓越功勋奖。年获得航空卓越教学奖。欢迎广大师生参加！??科技处电子信息学院2018年月日?,2018/05/22?,www.zzti.edu.cn/info/1044/20808.htm,弘德讲坛――美国俄克拉荷马州立大学Gary G. Yen教授学术报告会
,,,
辅导员职业生态与职业风险黄建榕 教授2018年月日（星期三）下午图书馆北八楼学术报告厅黄建榕，华南理工大学马克思主义学院教授，硕士研究生导师，第二届广东省宣传思想战线“十百千工程”优秀人才，广东省“南粤优秀教师”，广东省百名思政课优秀教师，年全国高校思想政治理论课影响力提名人物，华南理工大学教学名师，广东省教师继续教育学会副会长，广东省高校心理健康教育与咨询专业委员会常务理事，广东省教育厅应急专家，广东省政府应急管理专家库成员，广州市政府应急管理宣讲团成员。广东省中小学心理健康教育指导委员会委员。致力于政府企业学校危机管理与危机公关、管理沟通、现代公共关系和礼仪、组织文化、压力管理与阳光心态、项目员工帮助计划等的研究和实务策划。著述丰富。并担任、、的课程教授。社科处 学工部2018年月日??,2018/05/22?,www.zzti.edu.cn/info/1044/20809.htm,外请专家黄建榕教授讲座通知
,,,
人工智能时代的法律与社会问题吴汉东2018年月日（周四）晚：：南区号楼学术报告厅吴汉东，年月出生，汉族，江西东乡人，教授、博士生导师，著名法学家。中南财经政法大学原校长、教育部法学教育指导委员会副主任委员，中国法学会知识产权研究会名誉会长，中国法学会民法学研究会副会长；中国人民大学兼职教授、博士生导师，武汉大学、天津大学、华中科技大学、南京师范大学、中原工学院等校兼职教授，现为中南财经政法大学知识产权研究中心主任，国家知识产权战略专家组成员，曾入选、年度“全球知识产权最具影响力人”。社会兼职有教育部社会科学委员会委员、中国高等学校知识产权研究会副理事长、最高人民法院特约咨询专家、中国国际经济贸易仲裁委员会仲裁员。吴汉东教授主要从事民商法理论、知识产权法等方向的研究。主持完成多项国家级、省部级课题，主持的科研项目有全国优秀博士论文作者专项资金资助项目“财产权制度比较研究”、全国哲学社会科学研究项目“高科技发展中的法律问题”、国家软科学研究项目“知识经济与知识产权法”等。出版《著作权合理使用制度研究》、《西方诸国著作权制度研究》、《中国区域著作权制度比较研究》、《无形财产权制度研究》等学术专著部，主编司法部统编教材、全国自考统编教材《知识产权法》等部。在《中国社会科学》、《法学研究》、《中国法学》等学术刊物上发表论文近篇。其论著、论文在学界有重大影响，先后获全国首届优秀博士论文奖、国家教委高校优秀学术著作奖、司法部优秀科研成果一等奖、湖北省社会科学优秀成果一等奖（政府奖）等余次。欢迎广大师生踊跃参加。??? 社科处、法学院知识产权学院、研究生处、研工部2018年月日?,2018/05/22?,www.zzti.edu.cn/info/1044/20812.htm,龙湖法律讲堂第十七讲公告
,,,
?侯春萍，教授，博导，天津大学电气自动化与信息工程学院教师。受教育经历：年毕业于天津大学电子工程系，获硕士学位；年在天津大学电子工程系获博士学位；年从在北京邮电大学中心博士后出站。研究方向：长期从事移动通信关键技术和立体成像技术的研究和教学工作，主持承担了国家科技重大专项、重大计划项目、国家自然科学基金重点项目及国际合作交流重点项目等数十项，发表高水平论文百余篇。雷建军，博士，教授，博导，国家基金优秀青年科学基金获得者（国家优青）。年毕业于北京邮电大学，获信号与信息处理专业博士学位。现工作于天津大学电气自动化与信息工程学院。年月至年月，在美国华盛顿大学做访问学者。在国内外学术期刊及会议上发表论文余篇，包括论文篇；主持及参加了国家自然科学基金、国家重点研发计划项目、国家计划项目、国家科技重大专项、国家国际科技合作计划项目、天津市自然科学基金、天津市科技计划重大项目等多项科研项目；入选了天津市创新人才推进计划青年科技优秀人才、天津市人才工程、北洋学者计划。杨敬钰，博士，研究员，博导。年在北京邮电大学获学士学位；年在清华大学自动化系获博士学位。现任教于天津大学自动化学院。先后在微软亚洲研究院、瑞士联邦洛桑理工学院进行学术访问。主要研究兴趣包括成像与处理、计算机视觉、多媒体信号处 理，在、、、等国际期刊与会议发表论文余篇。研究成果获年国家技术发明奖二等奖，年天津市技术发明一等奖。入选教育部“新世纪优秀人才支持计划”、“北洋学者青年骨干教师计划”、“北洋青年学者计划” 、天津市青年科技优秀人才。担任等国际期刊的审稿人。?毛陆虹，天津大学教授，信息与通信系统博导，微电子学与固体电子学博导；年本科毕业于天津大学半导体物理与器件专业，年博士毕业于天津大学微电子学与固体电子学专业；年赴美国波特兰州立大学做通信集成电路方向的高级访问学者。主要从事的研究领域：（）可见光通信专用芯片（）射频识别技术（）射频集成电路（）光纤通信用集成电路。承担国家级科研项目项 省部级项；申请专利项，授权项，发表论文篇，其中、双检论文篇，篇，核心篇。受邀作为等期刊审稿人；国家自然基金委、国家留学基金委、中国博士后基金会、教育部学位中心等通讯评议专家会评专家。中国电工技术学会半导体光源系统专业委员会副主任委员，会员。已培养博士生（博士后）名，硕士生名。?金志刚教授，年获天津大学信号与信息处理专业工学博士学位，年破格评审为教授、博导。金志刚教授筹建了天津大学以及天津市教育科研网络中心，是天津市政府决策专家、天津市信息化专家和天津大学学报等期刊编委。他主要从事网络安全、水下网络、社交网络与大数据等研究工作。?欢迎广大师生参加！????????????????????????????????????? 科技处电子信息学院?????????????????????????????????????????? 2018年月日?,2018/05/23?,www.zzti.edu.cn/info/1044/20814.htm,弘德讲坛――天津大学宽带无线通信与立体成像研究所专家系列学术报告会
,,,
各有关课题组：按照《国家社会科学基金项目资金管理办法》、《河南省省级哲学社会科学规划项目资金管理办法》规定，现对年起立项的国家社科基金项目和年起立项的省哲学社科项目间接经费进行集中发放，请各有关项目负责人按照《中原工学院科研经费管理办法（试行）（中工财〔〕号）》的有关规定执行，并填报《中原工学院科研经费绩效支出申请表》、《中原工学院科研项目绩效考核登记表》（各一式两份） ，于月日前报送社科处，同时报送电子文档。 联 系 人：王雅、蔡森联系电话：附件：1. 中原工学院科研经费绩效支出申请表2. 中原工学院科研项目绩效考核登记表社会科学处2018年月日,2018/05/23?,www.zzti.edu.cn/info/1044/20817.htm,关于进行社科基金项目间接经费集中发放的通知
,,,
融媒体时代播音主持发展覃思张政法教授2018年月日（星期一）上午南区号楼学术报告厅张政法，中国传媒大学文法学部教授，文学博士，中央电视台国家级资深媒体评论员、节目听评专家。长期在中央人民广播电台、中央电视台、凤凰广播等媒体从事新闻评论工作。在传媒公共政策和语言传播研究领域，发表论文数十篇；出版《有声语言大众传播的生命活力》、《主体的影响力――广播电视有声语言传播主体研究》等著作多部；主持《中国广播电视公共服务体系建设题研究》（国家社科基金项目）等多项国家级项目。欢迎广大师生参加！社科处、新闻与传播学院2018年月日,2018/05/24?,www.zzti.edu.cn/info/1044/20824.htm,弘德讲坛――中国传媒大学张政法教授学术报告会
,,,
熊子祥教授于年在伊利诺伊大学香槟分校获得电气工程博士学位，现任美国大学电气和计算机工程系教授，。熊子祥教授是图像和视频编码、处理和质量评价领域国际著名学者，是国家海外杰青、长江学者特聘教授、中组部千人计划获得者。主要研究领域为：图像视频处理、网络多媒体、以及多用户信息理论。他先后出版了本著作，发表了多篇期刊论文、篇会议论文，并且获得了项美国专利。熊子祥教授于年度获得美国杰出青年教授奖、于年度获得青年研究者奖、并且于年度获得青年研究者奖，他还是年度信号处理杂志最佳论文奖、和年度多媒体信号处理工作组前论文奖、以及年度模式识别国际会议最佳学生论文奖的共同获得者。熊子祥教授现任多媒体学报副主编，曾先后担任过五个学报的副主编，并且担任过的出版主席、的技术项目委员会共同主席、的专题讲座主席、的评奖主席、以及的大会共同主席。??? 欢迎广大师生参加！??????????????????????????????????????? ? ???????科技处??电子信息学院??????????????????????????????????????????????? ?????2018年月日???,2018/05/28?,www.zzti.edu.cn/info/1044/20846.htm,弘德讲坛――美国Texas A&M大学熊子祥教授学术报告会
,,,
,2018/05/29?,www.zzti.edu.cn/info/1044/20863.htm,关于采集全省高层次科技人才基本信息的通知
,,,
钢管混凝土结构受力性能及设计理论徐礼华 教授年月日（星期三）下午中原工学院龙湖校区号楼学术报告厅徐礼华，武汉大学二级教授、博士生导师。国际砌体结构协会理事、全国高等学校土木工程学科专业指导委员会委员、中国土木工程学会理事、湖北省土木建筑学会副理事长。享受国务院政府特殊津贴专家，获教育部科技进步一等奖项（排名第一、三）、湖北省科技进步一等奖项（排名第一）、国家发明专利余项；以第一完成人获国家级教学成果二等奖、湖北省教学成果一等奖、武汉大学教学成果特等奖，获宝钢教育基金优秀教师奖和武汉大学教学名师称号；出版教材部、著作部，主编行业标准《纤维片材加固砌体结构技术规范》、参编部。在《建筑结构学报》、《土木工程学报》、《硅酸盐学报》、《》、《》、《》、《》、《》等期刊发表学术论文余篇。欢迎广大师生积极参加，学习交流！?科技处建筑工程学院2018年月日?,2018/05/30?,www.zzti.edu.cn/info/1044/20869.htm,弘德讲坛――武汉大学徐礼华教授学术报告会
,,,
：诗学与诗艺学的世界性问题：圣童研究员：年月日（星期一）晚上：龙湖校区楼教室：圣童，澳大利亚悉尼科技大学人文学院文艺学博士，澳大利亚西悉尼大学文学院研究员。《当代国际汉诗》总编，澳大利亚“国际流散文学艺术研究协会”负责人。独立建构一套具有国际通约性的哲学体系，目前在国内学术领域得以应用。研究方向：哲学、诗学、美学、艺术学。已出版哲学等专著四十余部。?社科处、外国语学院2018年月日,2018/05/31?,www.zzti.edu.cn/info/1044/20880.htm,外请专家圣童研究员讲座通知
,,,
各有关部门：2018年度河南省政府决策研究课题招标申报工作已经开始，现将有关事项通知如下：本年度申报课题分为一般课题和财政专项课题（详见附件《年度河南省政府决策研究招标课题指南》，以下简称《课题指南》）。其中，一般课题为指导性题目可在不改变题目研究方向的基础上，结合自身研究领域和研究专长，自定题目申报；财政专项课题为原题申报。1.申报内容要以习近平新时代中国特色社会主义思想为指导，认真落实习近平总书记调研指导河南工作时的重要讲话精神，深入贯彻党的十九大和十九届一中、二中、三中全会精神，省委十届四次、五次全会精神。要坚持为省委省政府决策服务的方向，突出战略性、针对性、创新性和可操作性。要立足河南实际，深入调查研究，提出有决策参考价值和可操作的思路与对策。要切实把握经济社会发展的规律和趋势，了解国内外的相关情况，结合省情实际进行综合研判和战略谋划。2.申报人必须遵守中华人民共和国宪法和法律。申报一般课题的主持人资格为：具有中级以上专业技术职务或具有硕士以上学位，并参与完成过省部级以上研究项目。同一课题主持人本年度一次只能申报一项成果，且不能作为其他课题组成员参加本年度河南省政府决策研究课题招标申报。课题组成员最多参加两个项目的申报。课题组主持人人，成员人，总数不得超过人。申报财政专项一般课题的主持人须具有副高以上职称或副处以上职务，完成过省部级以上研究项目；申报财政专项重点课题的主持人应具有正高级职称或担任副厅级以上领导职务并主持完成过省部级以上研究项目。学校和科研机构需要与实务部门联合申报，各单位申报财政专项课题不受单位总额数量限制，省财政学会将分别对中标的重点课题和一般课题给予一定经费资助。3.申请人所在单位应设有科研管理或者相应的职能部门，能够提供开展课题研究的必要条件并承诺信誉保证。4.2013年以来曾被撤项、未结项和未通过结项的课题负责人不得申报本年度河南省政府决策研究课题。1.项目申报申报人在附件中下载填写《申请书》及《活页》，一式份，《活页》必须用纸打印，由本部门统一汇总。申报人提交的《活页》内容，不得直接或间接透露个人信息或相关背景资料，否则取消参评资格。《活页》中前期相关研究成果只填成果名称、成果形式（如论文、专著、研究报告等）、作者排序、是否核心期刊等，不得填写作者姓名、单位、刊物或出版社名称、发表时间或刊期等。申报人承担的已结项或在研项目、与本项目无关的成果等不能作为前期成果填写。申报者的前期成果不列入参考文献。?2.审核推荐本年度实行单位申报总量控制（见附件）。个申报人按照填表要求，对申请书内容进行认真填写，签署明确意见，承担信誉保证。材料由所在部门汇总后，统一报送电子文本与纸质材料，报送的电子文本与纸质材料的内容要完全一致。3.材料报送?以上申报材料请于，报送纸质材料的同时将《申请书》、《活页》和《单位汇总表》的电子版发送社科处。联 系 人：蔡 森联系电话：?社会科学处2018年月日,2018/06/05?,www.zzti.edu.cn/info/1044/20900.htm,2018年度河南省政府决策研究课题招标申报工作的通知
,,,
：能源动力系统模拟与仿真：杨晨 教授：年月日（周五）上午：龙湖校区图书馆八楼学术报告厅：杨晨，教授，博士生导师，重庆大学动力工程学院副院长、仿真工程研究所常务副所长、国家级能源动力与电气虚拟仿真实验教学中心主任。教育部高校能源动力类专业教学指导委员会副秘书长，中国动力工程学会国际合作工作委员会委员，全国新能源科学与工程专业联盟副理事长，中国系统仿真学会理事，中国计算机机用户协会仿真机分会理事，中国自动化学会第一届考试委员会委员。近年来主持完成国家和省部级科研项目余项，获教育部科技进步二等奖项，四川省普通高等学校优秀教学成果二等奖项，重庆市科技进步三等奖项。在各类学术刊物上发表学术论文余篇。??? 欢迎广大师生积极参加，学习交流！??????????????????????? ????????????????科技处能源与环境学院????????????????????????????????????????????? 2018年月日,2018/06/05?,www.zzti.edu.cn/info/1044/20901.htm,弘德讲坛――重庆大学杨晨教授学术报告会
,,,
：对我国版权侵权赔偿制度的结构性反思：杨红军：年月日（周二）下午：南区号楼学术报告厅：杨红军，郑州大学知识产权研究中心主任，郑州大学法学院知识产权学院副教授，法学博士，硕士研究生导师，在《法商研究》、《法律科学》、《知识产权》等学术期刊发表文章余篇，出版学术专著部，在研国家社科基金一般项目项、司法部国家法治与法学理论研究一般项目项、河南省高等学校哲学社会科学研究优秀学者资助项目项。研究成果先后荣获“河南省优秀法学研究成果评选一等奖”、“河南省社会科学优秀成果奖”。年被评为“河南省高等学校哲学社会科学优秀学者”。欢迎广大师生踊跃参加！法学院知识产权学院、社科处、研究生处、研工部2018年月日,2018/04/17?,www.zzti.edu.cn/info/1044/20592.htm,龙湖法律讲堂第十五讲公告
,,,
各有关部门：省综治办、省社科联年度专项调研课题综治工作研究专项课题申报工作已经启动，现将有关事项通知如下：一、指导思想坚持以习近平新时代中国特色社会主义思想为指导，深入学习贯彻党的十九大和中央经济工作会议、中央政法工作会议精神，坚持党对社会治安综合治理工作的绝对领导，坚持以人民为中心的发展思想，按照中央和省委的决策部署，紧紧围绕打好三大攻坚战，以防控好颜色革命风险、暴恐袭击风险、社会稳定风险、公共安全风险、网络安全风险为着力点，以全面深化改革、现代科技应用为动力，结合综治工作创新实施专项课题调研，深入推进平安河南建设，切实增强人民群众获得感、幸福感、安全感，着力提高社会治理社会化、法治化、智能化、专业化水平，不断完善和发展中国特色社会主义社会治理体系，为新时代经济社会持续健康发展创造安全稳定的社会环境。二、活动步骤自通知下发之日起，申报人请根据《河南省综治办河南省社科联年度专项调研课题（综治工作研究）指南》附件，选定研究课题，也可在《指南》以外选定与研究主题相关的其它课题，填写《河南省综治办河南省社科联年度专项研究课题（综治工作研究）申报表》（附件），所有立项课题将在河南长安网站上（）进行公告。立项课题申报单位或个人根据网上公告的立项课题开展课题研究，有组织按要求进行，加强调研论证，确保研究质量。立项课题申报部门或个人于年月日前将课题最终成果社科处成果管理科，并提交课题结项申请书（附件）。研究课题内容要求字以上，正标题三号黑体，副标题（若有）小三号宋体，摘要（如有英文摘要请附上）小四号宋体，正文四号宋体，参考文献五号宋体，纸打印，左侧装订，一式五份。由市综治办统一报送，省综治办与省社科联将对最终成果进行核实、初评。初评后，将符合结项标准的课题交由专家评审组进行最终评审。根据专家评审意见，对拟获奖课题进行审核，全省最终评审出一等奖个、二等奖个、三等奖个、优秀奖个、组织奖个。对获奖课题按课题组人数颁发结项证书、奖励证书，并予以通报表彰、发给一定劳务费。联系人：蔡森联系电话：社会科学处2018年月日,2018/04/23?,www.zzti.edu.cn/info/1044/20623.htm,关于做好2018年度省综治办、省社科联专项调研课题（综治工作研究）申报工作的通知
,,,
文化自信2018年月日（星期三）上午中原工学院龙湖校区图书馆北楼学术报告厅全体校领导、全体正处级干部、学生管理干部，学生代表王 璋 ?教授王璋，现任郑州市政协主席、党组书记，郑州大学兼职教授。曾任方城县副县长，南阳市水利局长，河南省水利厅副厅长，郑州市副市长，郑州市委组织部长，郑州市纪委书记，郑州市委副书记、市委党校校长、行政学院院长，郑州市委副书记、市政协主席、市委秘书长。王璋同志勤于学习，善于思考，在多个领域进行了深入研究，具有深厚的理论功底和丰富的实践经验，先后在省级以上报刊杂志发表论文近百篇，编著有《水利论文选》《农业市长论文集》《学做组织工作》《“三票制”选“官”》《清风家话――漫谈干部子女家庭教育》《跨越九曲十八弯――漫谈人生成功九定律》《周易大用》《大众周易》《亲情热线》等文集，是一个多产的知识型、学者型领导干部。 ?党政办公室、科技处 ? ? ? ? ? ? ? ? ? ? ? ? ? ? ? ? ?2018年月日,2018/04/23?,www.zzti.edu.cn/info/1044/20626.htm,弘德讲坛--郑州市政协主席王璋教授学术报告会
,,,
日本的“道”及其文化内涵韦立新教授2018年月日（周四）下午龙湖校区号楼教室韦立新教授，广东外语外贸大学东方语言文化学院前院长，博士、教授、博士生导师、东亚研究中心主任。兼任中华日本哲学会副会长、中国日本史学会常务理事兼古代史专业委员会会长、中华日本学会常务理事、东亚宗教文化学会理事，并受聘兼任国家社科基金项目、博士后基金项目、教育部学位中心评审专家，受聘兼任《日语学习与研究》、《东亚宗教》编委会委员。从事日语及日本文化、中日文化关系的教学与研究。主要代表性论著有：《论宋元文化的影响力与日本佛教文化》（）；《论日本室町文化中的禅文化因素》（）；《宋元时期中日佛教文化关系》（）；《日本佛教源流》（）；《日本中世文化研究》（）等。社会科学处、研究生处、外国语学院2018年月日,2018/04/24?,www.zzti.edu.cn/info/1044/20628.htm,外请专家韦立新教授讲座通知
,,,
,2018/04/25?,www.zzti.edu.cn/info/1044/20636.htm,关于发布《2018年度河南省高层次人才特殊支持“中原千人计划”―中原科技创新领军人才申报指南》的通知
,,,
,2018/04/25?,www.zzti.edu.cn/info/1044/20637.htm,关于发布《2018年度河南省高层次人才特殊支持“中原千人计划”―中原学者申报指南》的通知
,,,
,2018/04/25?,www.zzti.edu.cn/info/1044/20638.htm,关于组织申报郑州市2018年软科学研究计划项目的通知
,,,
,2018/04/28?,www.zzti.edu.cn/info/1044/20669.htm,关于开展2018年纺织技术创新中心认定工作的通知
,,,
,2018/04/28?,www.zzti.edu.cn/info/1044/20670.htm,关于开展2018年纺织行业重点实验室认定工作的通知
,,,
,2018/05/03?,www.zzti.edu.cn/info/1044/20683.htm,2018年度河南省高层次人才特殊支持 “中原千人计划”-“中原青年拔尖人才” 申报指南
,,,
201720189212017(2)3411022334201858 62506920?????2018年5月4日???????????????????????????????????????????????????,2018/05/04?,www.zzti.edu.cn/info/1044/20686.htm,关于开展2017年河南省人力资源社会保障调研科研成果评选工作的通知
,,,
,2018/05/05?,www.zzti.edu.cn/info/1044/20692.htm,关于协助开展相关专业技术人员统计工作的通知
,,,
?????? 科技处??????????????????????????????????????????????????????????????????????????????????????????????2018年5月8日,2018/05/08?,www.zzti.edu.cn/info/1044/20713.htm,关于2018年郑州市软科学研究计划项目集中结项的通知
,,,
各有关部门：2018年河南省教育厅哲学社会科学研究项目集中结项工作已经启动，现将有关事宜通知如下：一、结项范围1.2015年河南省高等学校哲学社会科学基础研究重大项目和应用研究重大项目。2.2014、2015年河南省高校科技创新人才支持计划（人文社科类）。3.2014、2015年优秀学者资助项目。4.经批准同意延期结项的其他年度项目。二、申请结项条件项目主持人已经完成项目立项通知中约定的研究任务(根据立项文件中相关要求执行)。三、提交材料要求1.河南省高等学校哲学社会科学基础研究重大项目和应用研究重大项目结项需提交以下材料：（1）研究成果和获得的项目及奖励原件及复印件各一套，原件经上级主管部门审核后退还。论文需提交论文原件和刊物封面、目录、全文复印件各1份；著作需提交著作原件和封面、版权页、目录、后记复印件各1份；研究报告需提交研究报告正文打印件和采用部门证明原件、复印件各1份。（2）《河南省高等学校哲学社会科学研究项目结项审批书》（见附件2）10份；2.河南省高校科技创新人才支持计划（人文社科类）结项需提交以下材料：（1）研究成果和获得的项目及奖励原件及复印件各一套，原件经上级主管部门审核后退还。论文需提交论文原件和刊物封面、目录、全文复印件各1份；著作需提交著作原件和封面、版权页、目录、后记复印件各1份；研究报告需提交研究报告正文打印件和采用部门证明原件、复印件各1份。（2）《河南省高校科技创新人才支持计划入选者总结报告》（见附件4）10份。3.河南省高校哲学社会科学优秀学者资助项目结项需要提交以下材料：（1）研究成果和获得的项目及奖励原件及复印件各一套，原件经上级主管部门审核后退还。论文需提交论文原件和刊物封面、目录、全文复印件各1份；著作需提交著作原件和封面、版权页、目录、后记复印件各1份；研究报告需提交研究报告正文打印件和采用部门证明原件、复印件各1份。（2）《河南省高等学校哲学社会科学研究项目结项审批书》（见附件2）10份。（3）《河南省高等学校哲学社会科学研究优秀学者资助项目计划任务书》（省教育厅审核签章返回件）复印件10份。以上项目、人才研究期间公开发表或出版的成果须在显著位置注明资助项目的名称，并附项目编号，未标注者不予承认。四、报送材料要求每位结项申请者请将经财务审核盖章后的结项材料装入一个档案袋，并将《结项审批书》首页贴于档案袋封皮处。《河南省高等学校哲学社会科学研究项目结项统计表》（见附件5）由学院统一填写。所有纸质结项材料请于2018年5月22日前由各相关学院统一报送至行政楼318社会科学处，电子版材料同时OA发送至社会科学处杨博。联系人：杨博联系电话：62506920社会科学处2018年5月10日,2018/05/10?,www.zzti.edu.cn/info/1044/20729.htm,关于做好2018年河南省高等学校哲学社会科学研究项目集中结项工作的通知
,,,
,2018/05/11?,www.zzti.edu.cn/info/1044/20747.htm,关于补充完善省软科学研究专家的通知
,,,
 2018年5?????????????????????????????????????????????????????? 2018年5月11日,2018/05/11?,www.zzti.edu.cn/info/1044/20751.htm,研究生创新教育讲座--中国制造:创新与跨越发展
,,,
,2018/03/29?,www.zzti.edu.cn/info/1044/20522.htm,关于申报“纺织之光”2018年度中国纺织工业联合会科学技术奖的通知
,,,
,2018/03/29?,www.zzti.edu.cn/info/1044/20523.htm,关于开展河南省教育厅2018年度科技成果奖评选工作的通知
,,,
,2018/03/30?,www.zzti.edu.cn/info/1044/20526.htm,关于组织选派2018年度“三区”科技人才和2019年度省级科技特派员工作的通知
,,,
各有关部门：2019年度河南省高等学校哲学社会科学优秀著作资助项目（以下简称“著作资助项目”）的申报工作已经开始，现将有关事项通知如下：1．著作资助项目的资助范围：（）对学术发展具有重要推动作用的基础性研究；（）具有原创性的理论研究；（）具有重要学术价值和社会影响的文献研究、译著和工具书，不含论文及论文集、教材、研究报告、软件等。（）对十九大精神和习近平新时代中国特色社会主义思想的研究阐释。2．资助的对象和条件：（）著作资助项目的资助对象必须是普通高等学校的在编教师，具有良好的政治思想素质和独立开展及组织科研工作能力，且能作为项目实际主持者并担负实质性研究工作；每个申请者只能申报一个项目；（）申报项目必须已基本完成研究任务，申报时须提供已完成研究工作的书稿。3．有下列情形之一的不可申报优秀著作资助项目：（）已得到任何单位或部门研究资助和出版资助的成果；（）申请成果存在知识产权纠纷的；（）已出版的成果（重复申报者通报批评）；1.本次优秀著作资助项目全省实行限额申报，我校申报不超过项。2.申报材料：纸质《申请评审书》一式份，所申报的课题已完成研究工作的书稿套（匿名，不得出现姓名、所在学校等相关信息），《申请一览表》份。以上材料同时提交电子版一份。评审确定的优秀著作统一由郑州大学出版社出版，并收录河南省高等学校哲学社会科学优秀著作卓越文库。（联系人：郑州大学出版社张霞，电话：）申报人请于年月日前将纸质材料报送至行政楼房间，报送纸质材料的同时发送电子版至。联 系 人：杨 博联系电话：社会科学处2018年月日,2018/04/03?,www.zzti.edu.cn/info/1044/20534.htm,关于申报2019年度哲学社会社会科学优秀著作资助项目的通知
,,,
,2018/04/03?,www.zzti.edu.cn/info/1044/20536.htm,关于2016年之前立项的省基础与前沿技术研究计划项目结项的有关要求
,,,
,2018/04/03?,www.zzti.edu.cn/info/1044/20538.htm,关于开展河南省科技攻关计划（国际科技合作领域）项目集中结项的通知
,,,
,2018/04/03?,www.zzti.edu.cn/info/1044/20541.htm,关于申报中原工学院基本科研业务费专项资金项目的通知
,,,
,2018/04/04?,www.zzti.edu.cn/info/1044/20542.htm,关于进行国家科技成果在线登记的通知
,,,
,2018/04/04?,www.zzti.edu.cn/info/1044/20544.htm,关于组织申报国家重点研发计划政府间国际科技创新合作/港澳台科技创新合作重点专项2018年度第一批项目的通知
,,,
,2018/04/07?,www.zzti.edu.cn/info/1044/20547.htm,关于申报2019年度河南省高校科技创新团队支持计划的通知
,,,
,2018/04/07?,www.zzti.edu.cn/info/1044/20548.htm,关于申报2019年度河南省高校科技创新人才支持计划的通知
,,,
,2018/04/08?,www.zzti.edu.cn/info/1044/20550.htm,关于2018年度河南省科学技术奖推荐工作的通知
,,,
,2018/04/08?,www.zzti.edu.cn/info/1044/20554.htm,关于申报2018年度中国纺织行业专利奖的通知
,,,
,2018/04/09?,www.zzti.edu.cn/info/1044/20559.htm,关于申报2018年中国纺织工业联合会科技指导性计划项目的通知
,,,
,2018/04/09?,www.zzti.edu.cn/info/1044/20557.htm,关于申报2019年度河南省高等学校重点科研项目计划的通知
,,,
各学院团总支：为深入学习宣传贯彻党的十九大精神和习近平新时代中国特色社会主义思想，贯彻落实中央党的群团工作会议和全国高校思想政治工作会议精神，深入推进学校共青团学术研究和理论创新，为学校共青团聚焦主责主业、深化改革攻坚、全面从严治团提供智力支持，共青团中央学校部、全国学联秘书处拟开展年度全国学校共青团研究课题和年度优秀研究成果申报工作。现将有关事宜通知如下：一、年度研究课题申报工作（一）课题类别2018年度申报课题分为战略课题、重大课题、重点课题和立项课题四个类别，每类课题研究周期均为年。战略课题着眼学校共青团相关基础理论研究和应用基础研究，强调工作规律和制度机制探索，课题成果应具有前瞻性、战略性、理论性、创新性，对学校共青团工作具有普遍指导意义。该类课题拟设项，每项资助经费万元。重大课题着眼学校共青团重大实践问题研究，强调工作制度、工作模式、工作机制、工作方法、工作对策等创新，课题成果应具有实践性、创新性、指导性，对学校共青团决策优化、政策制定和基层基础建设具有指导意义。该类课题拟设项，每项资助经费万元。重点课题围绕学校共青团改革攻坚、从严治团的某一领域或某一方面进行研究，可参考课题指南中的战略、重大课题名称拟定选题，课题成果应具有指导性、操作性和推广性，能够对学校共青团具体现实问题提出针对性的对策和建议。该类课题拟设项，每项资助经费万元。立项课题结合申报人自身的工作实践或研究兴趣进行研究，可参考课题指南中的战略、重大课题名称拟定选题，研究成果应具有较强的实用性、指导性。该类课题拟设项，不资助经费。同时，将根据学校共青团理论研究和工作实践需要设置专项课题，并另行组织立项申报或委托相关单位研究。（二）申报对象省级团委、地市级团委和县级团委的学校战线部门，高校、中学和中职学校团委及相关青年研究机构均可申报。课题申报应组建起一支素质优良、结构合理的研究团队，可依托高校或科研机构，邀请长期关注研究青少年问题的有关专家、学者牵头或参与。战略、重大课题负责人应具有高校副高级、中学一级、中职中级及以上职称。申报课题需征得课题负责人所在单位科研主管部门同意。为支持更多的团学干部参与研究，原则上年度全国学校共青团研究课题负责人不再作为年度课题的负责人。（三）参考题目参见《年度全国学校共青团研究课题指南》（附件）。（四）申报方式课题申请人登录“全国学校共青团研究课题管理系统”（），在线填写《全国学校共青团课题研究申请书》，【提交】后导出，打印成纸质申报材料一式两份（不用盖章）。课题申报系统关闭时间为年月日。（五）课题评审与经费拨付1.课题评审工作拟于月下旬进行，评审结果拟于月下旬在团中央学校部网站、微信，研究中心网站、微信，“全国学校共青团研究课题管理系统”等平台公布。2.课题申报人所在单位必须具备课题承接能力，能够独立开具或委托所在地区税务部门开具“增值税”发票（普票或专票皆可）。研究中心收到发票后统一划拨经费。（六）课题管理课题管理委托研究中心按《全国学校共青团研究课题管理办法（年修订）》（附件）执行。二、年度优秀研究成果申报工作（一）申报对象个人或单位围绕学校共青团改革攻坚、从严治团的某一领域或某一方面，或学生思想行为特点、青年马克思主义者培养、校园文化建设、新媒体运用、学生会组织建设、学生社团建设等专项工作形成的学术专著、教材读本、研究报告、工作制度等成果。原则上书籍出版、制度发布的时间在年月日至年月日之间。（二）奖项设置本次优秀研究成果评选设学术专著类、教材读本类、调研报告类、工作制度类四个类别，分别评选特等奖、一等奖、二等奖，奖项总量拟不超过项。（三）申报要求1.申报成果需填写《年度全国学校共青团优秀研究成果申报表》（附件），打印一式两份（不用盖章）。2.原则上，同一单位优秀研究成果申报数量不超过项，由申报单位团组织（学校团委、地方各级团组织学校战线部门、其它单位团组织）负责统筹。3.学术专著类、教材读本类，需提供专著或教材的原件一式两份；调研报告类，需提供报告材料一式两份；工作制度类，需提供正式发布的制度文件的原件或复印件一式两份。以上材料不予退还。（四）评选工作评选工作由研究中心组织专家按照公平、公正、公开以及注重质量、宁缺毋滥的原则进行。评选工作拟于月下旬进行，评选结果拟于月中下旬在团中央学校部网站、微信，研究中心网站、微信等平台公布。有关材料纸质版请于年月日前以学院为单位报送至团委办公室，并将电子版发送至团委邮箱。联系人：校团委王佩佩 联系电话：校团委、社会科学处2018年月日,2018/04/09?,www.zzti.edu.cn/info/1044/20561.htm,关于申报2018年度全国学校共青团研究课题和2017年度全国学校共青团优秀研究成果的通知
,,,
自然科学基金申请书撰写技巧郑国强 教授2018年1月29日（星期一）上午10:00―11:30中原工学院大学科技园5号楼301郑国强，郑州大学教授、博士生导师。主要从事高分子加工方面的教学和聚合物成型加工过程中形态结构形成、演化与控制以及成型加工理论方面的研究工作。先后被评为郑州大学校级青年骨干教师、河南省高校科技创新人才、郑州大学重点学科振兴行动计划“材料科学与工程”学科青年后备人才、郑州大学首批“高端人才特别支持计划”培养对象、河南省教育厅“学术技术带头人”、河南省“科技创新杰出青年”等荣誉称号。郑国强教授先后主持承担国家自然科学基金青年基金、国家自然科学基金面上项目、教育部重点实验室开放基金、国家博士后科研基金特别资助、河南省高校科技创新人才支持项目和河南省科技创新杰出青年项目等十余项。近年来发表SCI收录论文46篇，申请国家授权专利3项，主编《注射模具识图》1部。 ? ? 欢迎全校师生参加！ ? ? ? ? ? ? ? ? ? ? ? ? ?科技处、材料与化工学院、先进材料研究中心 ? ? ? ? ? ? ? ? ? ? ? ? ? ? ? ? ? ? ? ? ? ? ? ? ? ? ? ? ? ? ? ? ? ? ? ? ? ? ? ? ? ? ? ? ? ? ? ? ? ? ? ? ? ? ? ? ? ? ? ?2018年1月26日,2018/01/26?,www.zzti.edu.cn/info/1044/20359.htm,2018年度国家自然科学基金系列培训之七
,,,
,2018/02/02?,www.zzti.edu.cn/info/1044/20363.htm,关于申报2018年度中日青少年科技交流计划基层对口项目的通知
,,,
基金辅导面对面、申请书写作及提交注意事项侯红卫 教授2018年月日（星期二）下午龙湖校区号实验楼会议室 ? ?侯红卫，河南省特聘教授、郑州大学博士生导师。年南京大学无机化学专业博士毕业并获得博士学位；香港科技大学化学系访问学者； 新加坡国立大学化学系博士后。年从新加坡回国受聘于郑州大学化学系并被河南省破格评为教授；入选教育部优秀青年教师资助计划和河南省高等学校创新人才培养工程；年获得郑州大学首批河南省特聘教授；同年，享受国务院政府特殊津贴；先后获得河南省优秀青年教师荣誉称号、河南省优秀留学回国人员先进个人荣誉称号、当选为全国青联委员。 ? ?侯红卫教授现从事新型功能配合物的研究，并探讨它们在光电磁材料、催化和药物等方面的应用，在“”、“”、“”、“”、“”、“”、“”、“”、“”等杂志上发表论文余篇，他引次数次，其中单篇被引用次数超过次的论文有篇，为，―年连续被旗下的数据库评为中国高被引学者。 ? ?侯红卫教授先后主持国家自然科学基金重大研究计划，科技部国际科学合作与交流项目，教育部新世纪优秀人才支持计划，国家自然科学基金等项目余项，其中主持国家自然科学基金资助课题四项，主持教育部优秀青年教师资助计划、教育部高等学校骨干教师基金、留学归国基金资助课题各一项，以及河南省高等学校创新人才培养工程、河南省杰出青年基金等。 ? ?欢迎全校师生参加！ ? ? ? ? ? ? ? ? ? ? ? 科技处、材料与化工学院、先进材料研究中心 ? ? ? ? ? ? ? ? ? ? ? ? ? ? ? ? 2018年月日,2018/02/27?,www.zzti.edu.cn/info/1044/20372.htm,2018年度国家自然科学基金系列培训之八
,,,
各有关部门：2018年河南省档案局科技项目的申报工作已经开始，现将有关事项通知如下：请申报人按照《河南省档案局年科技项目立项选题指南》提供的范围和方向，自行拟定题目。2018年河南省档案局科技项目实行网上申报，有申报意向的人员，请登录河南省档案科技管理系统网址注册一个申请用户（老用户使用原来的用户），待审核通过后，登录系统。登陆后进入“项目申报”，点击“新增申报”，选择“年度科技项目申报”，然后按提示输入项目内容。完成网上申报后，还需报送纸质《河南省档案局项目计划任务书》一式份。网上申报截止时间年月日，纸质材料报送截止时间月日前，报送地点为行政楼房间。联 系 人： 蔡 森联系电话：社会科学处2018年月日,2018/02/27?,www.zzti.edu.cn/info/1044/20373.htm,关于组织申报2018年河南省档案局科技项目的通知
,,,
,2018/02/28?,www.zzti.edu.cn/info/1044/20376.htm,关于征集“NSFC-河南联合基金”研究方向建议的通知
,,,
,2018/03/02?,www.zzti.edu.cn/info/1044/20384.htm,关于召开2018年国家自然科学基金项目形式审查培训会的通知
,,,
,2018/03/05?,www.zzti.edu.cn/info/1044/20385.htm,关于开展2018年河南省科技攻关计划（工业领域）项目集中结项工作的通知
,,,
,2018/03/05?,www.zzti.edu.cn/info/1044/20395.htm,关于对2018年度河南省软科学研究计划项目进行集中结项的通知
,,,
基金冲刺之形式审查谢文磊 教授2018年月日（星期三）上午龙湖校区号实验楼会议室 ? ?谢文磊，博士，河南工业大学化学化工与环境学二级教授，博士研究生导师。兰州大学化学系有机化学专业本科毕业，获学士学位；兰州大学化学系物理化学专业硕士研究生毕业，获硕士学位；年天津大学化工学院应用化学专业博士研究生毕业，获博士学位。为中国化工学会精细化工专业委员会委员，《》、《精细化工》、《食品安全质量检测学报》编委会委员，河南省省管优秀专家，河南省科技创新杰出人才，首批河南省政府特殊津贴专家，河南省高等学校创新人才，河南省农副产品资源高效利用科技创新团队负责人，河南省化工学会理事河南省高校生物质利用科技创新团队负责人，河南省高校化学化工教学指导委员会委员，河南省工程硕士专业学位教育指导委员会会委员，河南省高校青年骨干教师，河南省教育厅学术技术带头人，河南省生物质资源化工重点实验室学术带头人。 ? ?近年来，谢教授主持省部以上项目项，参与完成一项国家重点科技攻关项目和河南省重大科技攻关项目研究。其中主持国家自然科学基金面上项目项，主持河南省科技创新杰出人才项目等项。发表学术论文篇，其中论文多篇，以第一或通讯作者在国际主流期刊发表论文篇，被期刊引用次，七篇论文均为第一作者为高被引论文（本领域全球前）。在科学出版社和化工出版社出版《粮油化工产品化学与工艺学》（主编）、《天然化工原料及产品手册》（主编）等专著或教材部，参与编纂《中国化工产品大全》和《生物化工产品》任副主编）等工具书。获得河南省科技进步奖等奖励六项，申请和授权国家发明专利件。连续入选年、年和年中国高被引学者榜单，为国家项目和国家自然科学基金项目评审专家。 ? ?科技处、材料与化工学院、先进材料研究中心 2018年月日,2018/03/06?,www.zzti.edu.cn/info/1044/20398.htm,2018年度国家自然科学基金系列培训之九
,,,
,2018/03/07?,www.zzti.edu.cn/info/1044/20408.htm,关于转发科技部国家重点研发计划重大科学仪器设备开发重点专项2018年度项目申报指南的通知
,,,
,2018/03/08?,www.zzti.edu.cn/info/1044/20413.htm,关于开展2018年度河南省制造业创新中心（第二批）申报工作的通知
,,,
中国大飞机工程2018年月日（星期一）下午中原工学院龙湖校区图书馆北楼学术报告厅张彦仲 院士张彦仲，中国工程院院士，航空系统工程专家，陕西三原人，年西北大学毕业，年剑桥大学博士，年中国工程院院士。曾任：航空工业部、航空航天部总工程师，中航二集团总经理、党组书记，中共十三、十四届中央候补委员，全国政协九、十届委员；现任：国务院大飞机领导小组专家咨询委员会主任，国务院“两机专项”领导小组专家咨询委员会主任。欢迎广大师生参加！ ? ? ? ? ? ? ? ? ? ? ? ? ? ? ?党政办公室、科技处 ? ? ? ? ? ? ? ? ? ? ? ? ? ? ? ? 2018年月日,2018/03/10?,www.zzti.edu.cn/info/1044/20425.htm,弘德讲坛――中国工程院张彦仲院士学术报告会
,,,
一带一路背景下涉外法律人才培养问题张法连2018年月日（本周周三）―19：南区号楼学术报告厅张法连，男，汉族，美国印第安纳大学（）法学博士（），中国政法大学教授、博士生导师，中国法律英语教学与测试研究会会长。美国明尼苏达大学（）高级访问学者；南京大学、同济大学、中国石油大学等高校兼职教授；甘肃政法学院特聘教授；美国缅因大学（）法学院讲座教授。曾任美国印第安纳州司法部副部长助理，天津市河西区人民政府副区长，中共重庆市北碚区委常委。兼任法律英语证书（）全国统考专家指导委员会副主任委员。主要研究领域为法律语言、语言经济学、美国法治文化、外交学和美国研究。多年在中共中央机关工作，主要从事外事翻译，美国内政、外交及中美关系的研究工作。近年在《外语教学与研究》、《中国翻译》、《法律适用》、《当代世界》等外国语、法学、国际关系等核心期刊发表论文多篇；出版《法律语言研究》、《英美法律术语辞典》、《美国商标法判例研究》、《大学法律英语教程》等专（译）著、辞书、教材余部。主持参与国家社科基金、教育部人文社科、北京市社科基金等多项科研项目等。欢迎广大师生踊跃参与！社科处、法学院知识产权学院、研究生处、研工部2018年月日,2018/03/12?,www.zzti.edu.cn/info/1044/20428.htm,龙湖法律讲堂第十四讲
,,,
各有关部门：2018年国家社科基金后期资助项目申报工作已经开始，现将有关事项通知如下：国家社科基金后期资助项目是国家社科基金项目主要类别之一，旨在鼓励广大人文社会科学工作者潜心治学，扎实研究，多出优秀成果，进一步发挥国家社科基金在繁荣发展哲学社会科学中的示范引导作用。国家社科基金后期资助项目主要资助已基本完成且尚未出版的人文社会科学基础研究的优秀学术成果。以资助学术专著为主，也资助少量学术价值较高的资料汇编和学术含量较高的工具书等。国家社科基金个学科，包括教育学、艺术学、军事学（涉密成果除外）三个单列学科均可申报，重点支持文史哲等基础学科和社会科学各学科的基础性研究。2018年，国家社科基金后期资助项目资助强度与国家社科基金一般项目大致相当，一般为万元（含成果出版费用）。申请人根据此资助强度及研究工作的实际需要，提出申请的资助金额。1．申请人须遵守中华人民共和国宪法和法律，具有副高级以上专业技术职务或具有博士学位。申请人所在单位应设有科研管理职能部门，能够提供开展研究的必要条件并承诺信誉保证。鼓励退休科研人员申报。2．申请国家社科基金后期资助项目的成果需完成以上（退休科研人员申报的成果完成比例不低于），并且是尚未出版的中文学术专著或学术资料汇编、工具书等。少数民族文字成果需附规范汉字稿。3．申报成果须政治方向正确，学术上具有原创性或开拓性，达到本学科领域领先水平。申报成果名称的表述应科学、严谨、规范、简明，一般不加副标题。4．申报成果需由两名具有正高级职称的同行专家或我办指定的出版社（名单附后）书面推荐，推荐者承担相应信誉责任。已签订出版合同的成果需由相关出版社推荐申报。退休科研人员申报的成果可由一至二名专家推荐。5．同一申请人一次只能申报一项成果。6．有下列情形之一的不得申报：（）成果不属于基础研究类学术专著，包括：非学术研究的通俗读物，应用性研究成果，论文及论文集、研究报告、教材、软件、译著等；（）成果完成不足（退休科研人员申报的成果完成不足）；（）博士论文、博士后研究报告通过后不满年，或虽满年但未作较大修改（以博士论文或博士后研究报告为基础的成果申报后期资助项目，需提交论文或研究报告原文，并附详细修改说明，注明申报成果与学位论文、出站报告之间的联系与区别）；或未提交答辩的博士论文、博士后研究报告；（）成果存在知识产权争议，或严重不符合学术规范；（）推荐意见不符合要求；（）已出版著作的修订本，或与申请人本人出版著作重复以上；（）以国家社科基金项目、国家自然科学基金项目及其他国家级科研项目、教育部人文社会科学研究各类项目、中国社会科学院重大项目的成果申报；（）同年度以内容相同或相近成果申请了国家社科基金年度项目、国家自然科学基金项目、教育部人文社会科学研究各类项目以及其他国家级科研项目；（）申请人承担的国家社科基金项目、国家自然科学基金项目及其他国家级科研项目尚未结项（以上项目若已结项需附相关证明材料）；（）不同意由全国社科规划办统一安排出版。通过同行专家推荐或出版社推荐，由个人申报。具体程序如下：1．填写申请书和申报信息汇总表。申请人按照要求用计算机填写《国家社科基金后期资助项目申请书》和《国家社科基金后期资助项目申报信息汇总表》（见附件、），填好的申请书（一式份，纸，双面打印，中缝装订）和申报信息汇总表电子版（确保与申请书有关信息保持一致），连同申报成果提交至社会科学处。2．准备申报材料。包括：（）申请书份；（）《成果介绍》活页一式份；（）申报成果套（申报书稿字数在万字以上的，同时报送套书稿和份成果概要，成果概要包括万字左右的成果内容介绍，以及全书目录和参考文献）。书稿和成果概要均用纸双面印制、左侧装订成册，不得以任何形式出现申请人姓名和单位等信息；（）申报成果参加过以往后期资助项目申报的，需附详细的修改说明（填写附件：国家社科基金后期资助项目申报成果修改说明）；（）电子光盘，需包含申请书、书稿、成果概要、附件、申报信息汇总表等所有申报数据，光盘上请标明申请人姓名、单位及学科分类。1．年，国家社科基金后期资助项目继续实行集中受理申报，一年评审一次。2．全国社科规划办对申报材料进行资格审查，并组织专家对通过资格审查的申报材料进行评审，提出建议立项名单。3．建议立项名单报经全国哲学社会科学规划领导小组审批后，通过全国社科规划办网站公示天。公示期满，对无异议者下达立项通知书。1．最终成果由全国社科规划办指定的出版机构按要求统一出版，其他具体事宜由项目负责人与指定出版社洽谈。项目申报评审期间、鉴定结项之前，申请人不得擅自出版，违规者将中止申请或撤项，并通报批评。2．国家社科基金后期资助项目最终成果必须先鉴定、后出版。最终成果完成后，项目负责人需向全国社科规划办提出鉴定申请，填写《国家社科基金后期资助项目鉴定申请表》。经全国社科规划办组织专家鉴定合格后方可进入出版程序。3．后期资助项目出版经费直接拨付项目负责人所在单位，由项目负责人按照全国社科规划办确定的统一标准，向项目成果出版机构支付。为保证国家社科基金后期资助项目申报评审工作的公平公正和规范高效，特提出以下要求：1．申请人需按照《国家社科基金后期资助项目申请书》和申报公告如实填写申请材料，并保证不存在知识产权争议；推荐人要如实填写推荐意见，并承担相应的信誉责任。凡在申请和推荐时弄虚作假的，申报成果存在抄袭剽窃等行为的，一经发现查实，年内取消申报资格；如获立项即予撤项并通报批评。情节严重的，申请人和推荐人年内不得申报国家社科基金项目。凡在国家社科基金项目申报和评审中发现严重违规违纪行为的，除按规定进行处理外，将被列入不良科研信用记录。2．项目申报具体事项请参考《国家社科基金后期资助项目申报问答》（见附件）。国家社科基金后期资助项目申报由所在部门统一汇总，材料于月月日之前报送至行政楼房间，提交纸质材料的同时通过发送申请书及汇总表的电子版。我校将邀请相关专家对本次申报国家社科基金后期资助项目进行评审。联 系 人：蔡森联系电话：社会科学处2018年月日,2018/03/14?,www.zzti.edu.cn/info/1044/20433.htm,关于做好2018年国家社科基金后期资助项目申报工作的通知
,,,
,2018/03/20?,www.zzti.edu.cn/info/1044/20467.htm,关于组织开展2018年度河南省产学研合作计划项目验收的通知
,,,
各有关部门：2019年度河南省高等学校哲学社会科学应用研究重大项目申报工作已经开始，现将有关事项通知如下：坚持以习近平新时代中国特色社会主义思想为指导，深入学习贯彻党的十九大精神，紧扣中央和河南省委省政府重大决策部署、经济社会发展重大需求、人民群众重大关切这个主题，努力为党委和政府决策提供高质量的思想产品。要强化问题意识，突出问题导向。各课题组要主动加强与省直各相关单位的联系沟通，征求意见建议，以“三重”为切入点，有什么问题就研究什么问题，什么问题突出，就优先研究什么问题，凝练方向，集中攻关。遴选题目力求理论和实践紧密结合，凸显战略性、实证性、针对性，并且尽可能有一定的学理支撑。1、高校在编在岗教授和主持完成过国家社科基金项目、教育部人文社会科学研究项目的教学科研人员均可申报。离退休教师、学校非在编人员可以作为研究人员参加课题组，但不作为主持人申报。2、申请人对所申报课题具有一定的研究基础和相关科研成果。课题组在相关领域应具有较雄厚的研究实力和实践经验，有相应合理的学术梯队，提倡并鼓励吸收实际工作部门的人员参加课题组。3、在研的各类省部级以上重点项目的负责人和正在承担省教育厅哲学社会科学研究重大项目的首席专家，不得重复申报。本次申报实行限项申报，我校限报项。本项目经评审立项后分期给予万经费资助。1、项目研究周期为年，期满完成后，由首席专家填写《结项审批书》连同套最终成果报送省教育厅。经审核达到要求者，予以结项，拨付第二批经费。届时组织专家及相关部门进行鉴定，研究成果特别优秀者给予奖励资助。2、最终成果应达到以下要求：（）正式出版著作部以上或者在、＆等国际索引期刊或来源期刊发表论文篇以上。所有成果须在显著位置注明“河南省高等学校哲学社会科学应用研究重大项目”字样，未标注者不予承认。（）需得到实际采用部门（地厅级以上党政领导机关或大型企事业单位）的采纳证明。3、研究周期届满达不到以上要求者，按撤销项目处理，并予以通报，其首席专家在三年内不得再次申报和承担重大项目。1、申请人要按照《河南省高等学校哲学社会科学应用研究重大项目申请书》（附件）的要求如实填写申请材料，并保证没有知识产权争议。凡弄虚作假者，一经发现并查实后，取消项目负责人申报资格，五年内禁止申报教育厅的人文社会科学项目及成果奖。2、申请人提交《项目申报书》纸质文本份；《项目申报书》要求的相关附件材料套，其中原件套（审核后退还），复印件套；申报书须统一用纸双面印制，按照一览表顺序排放并统一装袋。申请人须填写《河南省教育厅人文社会科学研究项目申报一览表》（附件），并于年月日前将汇总的《申请书》和《申报一览表》电子版发送至社科处并将纸质材料报送至行政楼房间。邮件主题：学校名称应用重大申报。联 系 人：蔡 森联系电话：社会科学处2018年月日,2018/03/20?,www.zzti.edu.cn/info/1044/20472.htm,关于申报2019年度河南省高等学校哲学社会科学应用研究重大项目工作的通知
,,,
,2017/12/22?,www.zzti.edu.cn/info/1044/20226.htm,关于做好2017年度河南省工程研究中心（工程实验室）评价工作的预通知
,,,
,2017/12/25?,www.zzti.edu.cn/info/1044/20230.htm,关于组织编报2017 年度国家自然科学基金项目资金年度收支报告的通知
,,,
,2017/12/25?,www.zzti.edu.cn/info/1044/20243.htm,高端学术讲座――Time-dependent Reliability Theory for Whole Life Design of Structures 
,,,
各有关部门：2018年度国家社科基金项目申报工作已经开始，现将有关事项通知如下：一、申报国家社科基金项目的指导思想是，高举中国特色社会主义伟大旗帜，全面贯彻党的十九大精神，以马克思列宁主义、毛泽东思想、邓小平理论、“三个代表”重要思想、科学发展观、习近平新时代中国特色社会主义思想为指导，坚持解放思想、实事求是、与时俱进，坚持以重大现实问题为主攻方向，坚持基础研究和应用研究并重，发挥国家社科基金示范引导作用，加快构建中国特色哲学社会科学，为党和国家工作大局服务，为繁荣发展哲学社会科学服务。二、《国家社科基金项目年度课题指南》围绕深入研究阐释党的十九大精神和习近平新时代中国特色社会主义思想，在相关学科中拟定了一批重要选题，申请人可根据自己的研究专长选择申报。三、申报国家社科基金项目，要体现鲜明的问题导向和创新意识，着力推出体现国家水准的研究成果。基础研究要密切跟踪国内外学术发展和学科建设的前沿和动态，着力推进学科体系、学术体系、话语体系建设和创新，力求具有原创性、开拓性和较高的学术思想价值；应用研究要围绕经济社会发展中的全局性、战略性和前瞻性的重大理论与实践问题，力求具有现实性、针对性和较强的决策参考价值。四、课题申请人须具备下列条件：遵守中华人民共和国宪法和法律；具有独立开展研究和组织开展研究的能力，能够承担实质性研究工作；具有副高级以上（含）专业技术职称（职务），或者具有博士学位。不具有副高级以上（含）专业技术职称（职务）或者博士学位的，可以申请青年项目，但必须有两名具有正高级专业技术职称（职务）的同行专家书面推荐。青年项目申请人和课题组成员的年龄均不超过周岁（年月日后出生）。课题组成员或推荐人须征得本人同意并签字确认，否则视为违规申报。申请人可以根据研究的实际需要，吸收境外研究人员作为课题组成员参与申请。全日制在读研究生不能申请，具备申报条件的在职博士生（博士后）从所在工作单位申请。五、课题申请单位须符合以下条件：在相关领域具有较雄厚的学术资源和研究实力；设有科研管理职能部门；能够提供开展研究的必要条件并承诺信誉保证。以兼职人员身份从所兼职单位申报国家社科基金项目的，兼职单位须审核兼职人员正式聘用关系的真实性，承担项目管理职责并承诺信誉保证。六、课题申报范围涉及个学科，须按照《国家社科基金项目申报数据代码表》填写《国家社科基金项目申请书》（以下简称《申请书》）。跨学科研究课题要以“靠近优先”原则，选择一个为主学科申报。教育学、艺术学和军事学等三个单列学科的申报分别由全国教育科学规划办、全国艺术科学规划办、全军社科规划办另行组织。七、《国家社科基金项目年度课题指南》条目分为具体条目（带号）和方向性条目两类。具体条目的申报，可选择不同的研究角度、方法和侧重点，也可对条目的文字表述做出适当修改。方向性条目只规定研究范围和方向，申请人要据此自行设计具体题目。只要符合《课题指南》的指导思想和基本要求，各学科均鼓励申请人根据研究兴趣和学术积累申报自选课题（包括重点课题）。自选课题与按《课题指南》申报的选题在评审程序、评审标准、立项指标、资助强度等方面同样对待。无论是按《课题指南》拟定的选题还是自选课题，课题名称的表述应科学、严谨、规范、简明，一般不加副标题。八、年度国家社科基金项目继续实行限额申报，各有关部门要对申报课题组织初评，对研究内容相同或相近的同类选题申报，要从严要求，从严掌控，尽量避免重复申报。具体限项申报指标待省规划办下达后另行通知。九、申报课题的资助额度为：重点项目万元，一般项目和青年项目万元。申请人应按照《国家社科基金管理办法》和《国家社会科学基金项目资金管理办法》的要求，根据实际需要编制科学合理的经费预算。十、国家社科基金项目的完成时限，基础理论研究一般为―年，应用对策研究一般为―年。十一、为避免一题多报、交叉申请和重复立项，确保申请人有足够的时间和精力从事课题研究，年度国家社科基金项目申请作如下限定：（）课题负责人同年度只能申报一个国家社科基金项目，且不能作为课题组成员参与其他国家社科基金项目的申请；课题组成员同年度最多参与两个国家社科基金项目申请；在研国家级项目的课题组成员最多参与一个国家社科基金项目申请。（）在研的国家社科基金项目、国家自然科学基金项目及其他国家级科研项目的负责人不能申请新的国家社科基金项目（结项证书标注日期在年月日之前的可以申请）。（）申请国家自然科学基金项目及其他国家级科研项目的负责人同年度不能申请国家社科基金项目，其课题组成员也不能作为负责人以内容相同或相近选题申请国家社科基金项目。（）申请教育部人文社会科学研究一般项目的负责人同年度不能申请国家社科基金项目。（）凡在内容上与在研或已结项的各级各类项目有较大关联的申请课题，须在《申请书》中详细说明所申请项目与已承担项目的联系和区别，否则视为重复申请；不得以内容基本相同或相近的同一成果申请多家基金项目结项。（）凡以博士学位论文或博士后出站报告为基础申报国家社科基金项目，须在《申请书》中注明所申请项目与学位论文（出站报告）的联系和区别，申请鉴定结项时须提交学位论文（出站报告）原件。（）不得以已出版的内容基本相同的研究成果申请国家社科基金项目。（）凡以国家社科基金项目名义发表阶段性成果或最终成果，不得同时标注多家基金项目资助字样。十二、申报课题须按照《国家社科基金项目申请书》和《国家社会科学基金项目课题论证活页》（以下简称《活页》）要求，如实填写材料，并保证没有知识产权争议。凡存在弄虚作假、抄袭剽窃等行为的，一经发现查实，取消三年申报资格；如获立项即予撤项并通报批评。为保证申报评审的公正性和严肃性，评审会议召开前申报单位或个人不得以任何名义走访、咨询学科评审组专家或邀请学科评审组专家进行申报辅导。凡行贿评审专家者，一经查实将予通报批评；如获立项即予撤项，五年内不得申报国家社科基金项目。凡在国家社科基金项目申报和评审中发现严重违规违纪行为的，除按规定进行处理外，均列入不良科研信用记录。十三、申报课题全部实行同行专家通讯初评，初评采用《活页》匿名方式，《活页》论证字数不超过七千字，要按《活页》中规定的方式列出前期相关研究成果。十四、课题负责人在项目执行期间要遵守相关承诺，履行约定义务，按期完成研究任务；获准立项的《申请书》视为具有约束力的资助合同文本。最终成果实行匿名通讯鉴定，鉴定等级予以公布。除特殊情况外，最终研究成果须先鉴定、后出版，擅自出版者视为自行终止资助协议。十五、2018年度国家社科基金项目提交的材料包括：（）审查合格的《活页》和《申请书》一式份，申请书用计算机填写、纸双面印制、中缝装订，经所在部门审查后，统一报送社科处。（）提交电子版《国家社科基金项目申请书》，每份《申请书》均以“申请人姓名申请书”命名；每份《活页》均以“申请人姓名活页”命名。（）申报材料由各部门集中报送，不受理个人申报。报送纸质材料和《年国家社会科学基金项目申请清单》的同时报送电子版至社科处。十六、2018年度国家社科基金项目申报，我校受理申报时间为年月日上午。受理地点为北区基础实验楼房间。联 系 人：王雅、杨博联系方式：、2018年度国家社科基金项目经费预算填写出现新的变化，请各位申报人注意以下几点。（）一般项目和青年项目经费万元。（）社会科学处2017年月日,2017/12/28?,www.zzti.edu.cn/info/1044/20258.htm,关于组织申报2018年度国家社科基金项目的通知
,,,
,2017/12/29?,www.zzti.edu.cn/info/1044/20263.htm,关于组织申报国家重点研发计划政府间国际科技创新合作/港澳台科技创新合作重点专项2017年度第二批项目的通知
,,,
用策略塑造品牌，用创意传播品牌孙智强2018年月日（星期四）上午4号楼学术报告厅孙智强，南京艺术学院研究员、教授；品牌策略创意研究中心主任；学校文化策略研究中心主任。从事品牌策略、创意设计、艺术传播等教学、设计、研究工作。数十所高等艺术学院荣誉、客座教授，从事品牌策略、艺术传播、广告设计等教学、创作、研究工作；出版过近百项国家、省级设计项目，设计成功近千幅作品。社会科学处、艺术设计学院、服装学院2018年月日,2018/01/03?,www.zzti.edu.cn/info/1044/20280.htm,外请专家孙智强讲座通知
,,,
自然科学基金申请书撰写商讨曾志刚 教授2018年月日（星期五）上午南校区号楼曾志刚，男，华中科技大学教授、博士生导师，国家杰出青年科学基金获得者，教育部长江学者特聘教授，湖北省有突出贡献中青年专家，科技部创新人才推进计划中青年科技创新领军人才，图像信息处理与智能控制教育部重点实验室主任。年月在华中科技大学获系统分析与集成博士学位。曾在香港中文大学和中国科技大学从事博士后研究。也曾赴澳大利亚西悉尼大学，美国德州农工大学卡塔尔分校等进行访问研究。发表收录学术论文多篇。先后担任IEEE Transactions onNeural Networks；；；；；；自动化学报和控制工程的编委。担任IEEE Transactions onNeural Networks and Learning Systems；；；；等个SCI源国际学术期刊的客座编委。担任过三十多个国际学术会议的程序委员会主席，出版主席等。曾获湖北省自然科学一等奖、湖北省科技进步一等奖、教育部高等学校科学研究优秀成果奖自然科学奖一等奖、国家科学技术进步奖二等奖各次。欢迎广大师生积极参加！ ?科技处 电子信息学院 ?2018年月日,2018/01/04?,www.zzti.edu.cn/info/1044/20286.htm,2018年度国家自然科学基金系列培训之六
,,,
复杂问题进化求解理论与方法巩敦卫 教授2018年月日（星期五）上午南校区号楼巩敦卫，男，中国矿业大学教授、博士生导师，教育部“新世纪优秀人才支持计划”、江苏省“高层次人才培养工程”和“六大人才高峰”高层次人才入选者，甘肃省“飞天学者”讲座教授，江苏省自动化学会常务理事、副秘书长，中国人工智能学会机器学习专委会委员、粗糙集与软计算专委会委员、智能空天系统专委会委员，中国计算机学会软件工程专委会委员。研究方向为基于搜索的特定软件测试、领域大数据处理与分析、深地资源开采智能优化与控制、复杂优化问题的智能求解。主持国家“”计划子课题项、国家自然科学基金项。教学研究成果获省部级一等奖项、二等奖项，授权发明专利项，出版专著部，发表中科院一、二区期刊论文余篇，高被引论文篇。复杂问题普遍存在，作为一种受自然界生物进化启发的概率搜索方法，进化优化在复杂问题求解中得到了广泛应用。报告简述了复杂问题的普遍性，针对高目标优化、软件测试，以及不确定调度等实际的复杂问题，阐述了报告人所在团队解决该问题取得的最新成果，并指出了今后需要研究的问题。 ? 科技处 电子信息学院 ? ?2018年月日,2018/01/04?,www.zzti.edu.cn/info/1044/20287.htm,外请专家巩敦卫讲座通知
,,,
区域经济理论前沿及其社科选题技巧丁成日2018年月日（星期五）北区图书馆一楼学术报告厅丁成日，马里兰大学城市规划系终身教授，马里兰大学城市理性增长国家研究中心研究员，马里兰大学中国城市发展与土地政策研究中心主任。年获美国伊利诺伊大学城市规划系区域规划哲学博士，先后在美国克里夫兰州立大学、德克萨斯州大学、马里兰大学任教。社会科学处、经济管理学院2018年月日,2018/01/04?,www.zzti.edu.cn/info/1044/20290.htm,2018年度国家社科基金系列培训之十
,,,
,2018/01/15?,www.zzti.edu.cn/info/1044/20322.htm,关于组织推荐科技部2017年创新人才推进计划的通知
,,,
,2018/01/15?,www.zzti.edu.cn/info/1044/20323.htm,关于转发科技部国家重点研发计划大气污染成因与控制技术研究、典型脆弱生态修复与保护研究等重点专项2018年度项目申报指南的通知
,,,
各有关部门：2018年度国家社会科学基金艺术学项目申报工作已经开始，现将有关事项通知如下：一、申报年度国家社会科学基金艺术学项目的指导思想是：高举中国特色社会主义伟大旗帜，全面贯彻党的十九大精神，以马克思列宁主义、毛泽东思想、邓小平理论、“三个代表”重要思想、科学发展观、习近平新时代中国特色社会主义思想为指导，坚持以重大现实问题为主攻方向，坚持基础研究和应用研究并重，发挥国家社会科学基金示范引导作用，加快构建中国特色艺术学体系，推动文化艺术研究为党和国家工作大局服务，为繁荣发展哲学社会科学服务。二、申报国家社会科学基金艺术学项目，要体现鲜明的问题导向和创新意识，着力推出体现国家水准的研究成果。基础研究要密切跟踪国内外学术发展和学科建设的前沿和动态，着力推进学科体系、学术体系、话语体系建设和创新，力求具有原创性、开拓性和较高的学术思想价值；应用研究要围绕经济社会发展中的全局性、战略性和前瞻性的重大理论与实践问题，力求具有现实性、针对性和较强的决策参考价值。除重要的基础研究外，鼓励以高水平的论文和研究报告作为最终研究成果。对边远贫困地区和少数民族地区特别是西部地区艺术研究给予一定倾斜。三、申请人须具备下列条件：遵守中华人民共和国宪法和法律；具有独立开展研究和组织开展研究的能力，能够承担实质性研究工作；具有副高级（含）以上专业技术职称（职务），或者具有博士学位。不具有副高级（含）以上专业技术职称（职务）或者博士学位的，可以申请青年项目，但必须有两名具有正高级专业技术职称（职务）的同行专家书面推荐。青年项目申请人和课题组成员的年龄均不超过周岁（年月日后出生）。国家社会科学基金艺术学重点项目的申请者，须是完成过省、部级以上同专业研究课题的负责人（需在申报材料中提供完成过的省、部级以上同专业研究课题的证明材料）；一般项目的申请者，须在与申报项目相关研究领域的重要期刊发表相关研究论文至少篇或有主持完成的相关研究专著（须在申报材料中注明出版或发表的题目、时间及期刊或出版社名称等主要信息）。申请人填报课题组成员或推荐人有关信息资料前，必须征得本人同意，否则视为违规申报。申请人可以根据研究的实际需要，吸收境外研究人员作为课题组成员参与申请。全日制研究生不能申请，具备申报条件的在职博士生（博士后）从所在工作单位申请。文化部机关工作人员不能申请或者参与申请国家社会科学基金艺术学项目。四、《课题指南》条目分范围性条目和具体题目两类。范围性条目只规定研究范围和方向，申请人要据此自行设计具体题目，没有明确的研究对象和问题指向的申请不予受理和立项；依据具体题目申报的课题，应选择不同的研究角度、方法和侧重点，题目的文字表述可做适当修改。只要符合《课题指南》的指导思想和基本要求，各学科均鼓励申请人根据研究兴趣和学术积累申报自选课题（包括重点课题）。自选课题与按《课题指南》申报的课题在评审程序、评审标准、立项指标、资助强度等方面同样对待。无论是按《课题指南》拟定的课题还是自选课题，课题名称的表述应科学、严谨、规范、简明，一般不加副标题。跨学科研究课题要以“靠近优先”原则，选择一个主要的学科进行申报。为进一步突出重点，针对我国艺术学各学科理论体系建设中的薄弱环节、我国文化建设中亟待研究回答的重大理论与实践问题，《课题指南》确定了若干优先研究方向（以标注），优先研究方向的申报课题一经获准立项，可根据研究工作的实际需求，适度放宽资助额度。五、本年度国家社会科学基金艺术学项目设置重点项目、一般项目、青年项目、西部项目（注：西部项目不专门申报，从西部地区研究人员申报的项目中评审产生）。项目资助额度参考标准为：重点项目万元，一般项目、青年项目、西部项目万元。最终确定的资助额度在适当范围内上下浮动，申请人应按照《国家社会科学基金项目资金管理办法》的要求，根据实际需要编制科学合理的经费预算。国家社会科学基金艺术学项目的完成时限，自批准立项之日起计算，基础理论研究一般为至年，应用对策研究一般为至年。六、为确保申请人有足够的时间和精力从事课题研究，年度国家社会科学基金艺术学项目申请做如下限定：（）课题负责人同年度只能申报一个国家社会科学基金艺术学项目，且不能作为课题组成员参与其他国家社会科学基金艺术学项目的申请；课题组成员同年度最多参与两个国家社会科学基金艺术学项目申请。（）在研的国家社会科学基金项目、国家自然科学基金项目、教育部人文社会科学研究项目、文化部文化艺术研究项目及其他国家级科研项目的负责人不能申请新的国家社会科学基金艺术学项目（结项证书标注日期在年月日之前的可以申请）。（）申请国家社会科学基金项目、国家自然科学基金项目及其他国家级科研项目的负责人同年度不能申请国家社会科学基金艺术学项目，其课题组成员也不能作为负责人以内容相同或相近选题申请国家社会科学基金艺术学项目。（）申请教育部人文社会科学研究项目的负责人同年度不能申请国家社会科学基金艺术学项目。（）凡在内容上与在研或已结项的各级各类项目有较大关联的申请课题，须在申请时注明所申请项目与已承担项目的联系和区别，否则视为重复申请；不得以内容基本相同或相近的同一成果申请多家基金项目结项。（）凡以博士学位论文或博士后出站报告为基础申报国家社会科学基金艺术学项目，须在申请时注明所申请项目与学位论文（出站报告）的联系和区别，申请鉴定结项时提交学位论文（出站报告）原件。（）不得以已出版的内容基本相同的研究成果申请国家社会科学基金艺术学项目。（）凡以国家社会科学基金艺术学项目名义发表阶段性成果或最终成果，不得同时标注多家基金项目资助字样。七、年度国家社会科学基金艺术学项目实行网上申报。请申请人登录全国艺术科学规划项目申报管理系统（），按照有关说明注册账号并提交申报材料。申请人要如实填写申报材料，保证申报内容的真实性且不涉及知识产权争议。凡发现弄虚作假等违规申报者，经查实后，取消年内申报资格，如获立项即作撤销处理并通报批评。凡在国家社会科学基金艺术学项目申报和评审中发现违规违纪行为的，除按规定进行处理外，均将列入不良科研信用记录。八、所有申报项目将通过资格审查、同行专家通讯初评和复评等程序。资格审查和评审工作严格按照《全国艺术科学规划项目管理办法》及本通知的规定进行。同行专家通讯初评采用《活页》匿名方式，《活页》论证字数不超过字，不得出现申请人、课题组成员姓名及所在单位名称等有关信息，否则不予评审。项目评审坚持公平、公正原则，保证质量，宁缺毋滥。评审结果报全国艺术科学规划领导小组审批后公示。九、如课题获准立项，申请人填写立项通知书回执后，申报系统形成的《申报书》即成为有约束力的资助合同文本。项目负责人在项目执行期间要遵守相关承诺，履行约定义务，按期完成研究任务。最终成果实行匿名通讯鉴定。除特殊情况外，计划出版的成果须先鉴定、后出版，擅自出版者视为自行终止资助协议。十、课题申报相关文件材料，包括《年度国家社会科学基金艺术学项目课题指南》《国家社会科学基金项目资金管理办法》《全国艺术科学规划项目管理办法》《全国艺术科学规划历年立项课题汇编》等，可在文化部网站或申报系统主页上查询、下载。十一、申请人网上申报和提交时间截至年月日，逾期系统关闭不予受理。联 系 人：蔡森联系方式：社会科学处2017年月日,2018/01/16?,www.zzti.edu.cn/info/1044/20330.htm,关于做好2018年度国家社会科学基金艺术学项目申报工作的通知
,,,
各有关部门：2018年度河南省社科联调研课题申报和年度调研课题结项工作已经开始，现将有关事项通知如下：1.省社科联、省经团联年度调研课题，重在研究全面推进中原崛起、河南振兴、富民强省进程中的重大理论与实际问题。理论问题研究应科学系统，力求创新；现实问题研究要突出应用价值，避免坐而论道。课题研究要立足河南，面向全国，反映学科建设及相关领域的最新研究进展。2.申报者限定主持申报一项（另可参与一项）。3. 凡未能按期完成上年度立项课题的申报人，不得主持申报本年度课题。4. 申报表填写注意事项：（）申报表封面“编号”系指课题《指南》中的题目序号，由申报者对应填写。自选课题也需填写编号。确定编号的方法为：在《指南》中找一个和自选课题最接近的题目，以该题目的编号为自选课题的编号，填写格式为“×・自选”（“×”代表《指南》中的题目序号）。（）“类别”分为两类，即指南课题和自选课题。“学科分类”分为两类，即人文学科和经济学科2018年度调研课题申报表（附件）一式份（纸质，打印前请认真阅读申报表填表须知），部门汇总表纸质材料份，由院系汇总并统一报送至行政楼房间，同时提交电子文档。各课题负责人将课题结项报告（含封面、目录、摘要、正文）一式份装入档案袋档案袋，封面粘贴结项成果封面，另附封面份（附件），提交纸质材料同时报送结项材料电子档。2018年度河南省社科联课题申报和年度课题结项工作截止时间为年月日。报送地点为行政楼房间。联 系 人： 蔡 森、杨 博联系电话：社会科学处2018年月日,2018/01/16?,www.zzti.edu.cn/info/1044/20331.htm,关于河南省社科联、河南省经团联2018年度调研课题申报工作和2017年度调研课题结项工作的通知
,,,
面向的智能软件工程研究进展江贺2018年月号（星期三）下午南校区号楼江贺，年生，男，汉族，教授，博士生导师。大连理工大学软件学院副院长、国家优秀青年科学基金获得者。目前主要研究兴趣为基于搜索的软件工程、软件仓库挖掘。先后在系列汇刊（）中国科学等期刊及等国际会议发表论文余篇，在科学出版社出版专著一部，在人民邮电出版社出版著作及译著各部。年获得大连市五一特等奖章。年入选教育部新世纪优秀人才计划。年指导博士生获得中国计算机学会优秀博士学位论文奖（优博）。年获得东软青年软件创新奖。年获得国家自然科学基金优秀青年科学基金资助。基于互联网的软件开发支持工具产生了海量的具备大数据特征的软件开发数据，为人工智能带来了新的挑战和机遇。围绕软件仓库数据，本报告重点介绍仓库知识化和仓库智能化两大主题。在仓库知识化中，介绍报告自动生成技术、冗余数据处理、基准实例构建与求解。在仓库智能化方面，重点分析报告智能分派技术、新需求推荐参考代码技术等。 ? ? ? 科技处 ?电子信息学院 ? ? ? ? ?2018年月日,2018/01/16?,www.zzti.edu.cn/info/1044/20332.htm,外请专家江贺讲座通知
,,,
,2018/01/16?,www.zzti.edu.cn/info/1044/20336.htm,“中韩青年科学家交流计划”2018年中国青年科学家赴韩进行学术交流工作征集指南
,,,
,2018/01/22?,www.zzti.edu.cn/info/1044/20351.htm,关于申报2018年度国家自然科学基金项目的通知
,,,
：国家自然科学基金项目申报经验交流：王雪青：2017年月日（星期五）上午：4号楼学校国家自然科学基金项目相关申报人员王雪青，副教授，郑州大学第一附属医院科研处处长在科技计划管理岗位工作多年，曾长期在国家科技部、国家自然科学基金委员会等部门挂职，协助负责国家重大科技计划项目的规划、组织实施和过程管理等工作，熟悉国家各类科技计划项目的组织及管理要求。曾主持和参与多项国家自然科学基金和“”计划项目，发表学术论文余篇。欢迎全校师生积极参加！ ? ? ? 科技处 ?2017年月日,2017/11/22?,www.zzti.edu.cn/info/1044/20085.htm,2018年度国家自然科学基金系列培训之四
,,,
创新意识与科学精神2017年11月27日上午12:40-14:00中原工学院2号实验楼5层543会议室史俊庭 ? 史俊庭，男，1978年10月生，中国科学报记者，河南省神州历史文化保护研究院常务副院长，河南省通俗文化研究会常务理事，河南省科教电影电视协会理事，省内多家研究中心科学、科普顾问。史俊庭记者长期从事科学新闻采写，科幻小说、散文和诗歌及戏剧剧本创作，创作有长篇科幻小说《我就在你们中间》，短篇科幻小说集《龙祭》，诗集《站在人群背后》，散文集《走出农村》，戏剧剧本《兰秀改嫁》、《劝孝》，改编有电影剧本《母亲心》、《黎明之前》，出版有全球第一本关于砒砂岩的科普图书《破解地球生态癌症的密码》。长期主要跟踪、关注河南省内科研工作者的成果和科研动态，长期关注高新技术发展、农业、高校、青少年教育、黄河等诸多领域，并在这些领域内有独到的见解。创新意识与科学精神欢迎全校师生参加！ ? ? ? ? ? ? ? ? ? ? ? ? ? ? ? ? ? ? ? ? ?研究生处、材料与化工学院、先进材料研究中心,2017/11/24?,www.zzti.edu.cn/info/1044/20093.htm,研究生创新教育学术讲座-科学素养
,,,
各有关部门：2017年度人文社会科学研究成果奖申报评选工作已经开始，现将有关事宜通知如下：奖励等级设为特等奖和一、二、三等奖，特等奖名额控制在申报成果总数的以内，其他一、二、三等奖名额分别按申报总数的、、确定。1、年月日至年月日在国内学术刊物或报纸上公开发表的论文、正式出版的著作，被地厅级（含地厅级）以上党政机关不含机关职能部门采用且应用价值较高的调研报告学校在编在岗的教师和研究人员为第一作者的成果可以申报，第一作者所在学校为第一署名单位。非第一作者的参与人员不得独立申报。第一作者每人限申报一项。特等奖按照省级成果奖的要求评审论文类成果须在收录期刊上发表或权威文摘中收录，著作类成果须本专业权威出版社出版，研究报告类须获得地厅级以上党政机关采用（采用证明须有文件编号）或省委省政府领导批示。2、有下列情况者，不具有申报资格：弄虚作假或剽窃他人研究成果者；著作权存在争议者；申报材料、程序不符合申报规定者。3、在港澳台和境外出版、发表的成果，各种音像、工艺美术类制品，暂不受理申报。已获得年以来省级以上奖励的成果不得重复申报。此次申报工作使用“河南省教育厅人文社科成果奖申报评审系统”完成电子数据的采集和报送。系统将于年月日开通，届时可以通过访问系统，其工作流程如下：（一）社科处负责成果申报的组织工作，对申请者的资格和申报的成果真实性、原创性等方面情况进行初审。省教育厅将对申报材料进行检测，发现学术不端或学风问题，取消申请人评审资格并对申请人和申报单位予以通报批评。此次申报工作实行限额申报，我校限额项。（二）申报人员在月日之前，自行登录系统，根据系统提示要求，认真注册个人信息，下载填写并在线提交《河南省教育厅人文社会科学研究成果奖申请书》，同时将申报成果电子版扫描上传，论文类成果提交期刊封面、目录、文章所在页的扫描件，著作类成果提交封面、版权页、内容提要的扫描件和书稿电子版，研究报告类成果提交采用证明扫描件和研究报告电子版。务必从申报系统中下载最新版申报书，以免系统不兼容，影响申报。（三）申报材料由各有关部门集中报送，不受理个人申报。申报部门请在月日之前进行在线审核确认，并于年月日前（报送以下纸质材料：（）申请书纸质版份（正反打印）；（）申报成果原件一份，教育厅现场审核后退回。联 系 人：杨博联系电话：社科处2017年月日,2017/11/28?,www.zzti.edu.cn/info/1044/20106.htm,关于评选2017年度人文社会科学研究成果奖的通知
,,,
各有关部门：为进一步贯彻落实中央办公厅、国务院办公厅《关于实施中华优秀传统文化传承发展工程的意见》和教育部《完善中华传统文化教育指导纲要》精神，总结十八大以来我省高校文化研究领域的丰富成果，展示、交流、推广我省高校在河南优秀传统文化研究方面的精品力作和典型人物。河南省教育厅在我省高校范围内开展河南优秀传统文化学术成果征集工作，现将有关事宜通知如下：1、报送内容：主要包括河南优秀传统文化总论概述、民俗文化、根亲文化、非物质文化遗产、著名历史人物、典型历史遗迹等。2、报送范围。近年来我省高校在传承弘扬河南优秀传统文化方面正式出版或发表的优秀学术论著和学术论文。征集成果要坚持学术性，有较高的理论价值，要能充分体现我省高校的学术水平。 3、审核推荐。我校坚持质量优先，优中选优。本次征集工作实行限额申报，我校限报项。 4、具体要求。著作类成果要求提交著作封面、出版社名称、出版时间、作者简介和字左右内容提要。论文类成果需提交全部文章内容、期刊封面、期刊名称、发表日期、作者简介和字左右内容提要。 5、报送时间地址。请各部门于月日前将申报材料纸质版一式份报送社科处，同时发送所报送材料电子版。联系人：杨博联系电话：社科处2017年月日,2017/11/28?,www.zzti.edu.cn/info/1044/20107.htm,关于征集河南优秀传统文化学术成果的通知
,,,
1.电影电视创作与制作 ? ? ? ? ?主讲人：张会军 ?2.艺术素质培养与表演专业学习 ? ? 主讲人：陈12月2日上午 9:00―12:30南校区图书馆北八楼学术报告厅主持人简介：张会军，1956年月生，人。年考入电影，大学本科学历，年以优异成绩毕业，获文学电影摄影学士学位，同年留校任教。硕士学位，、教授。曾任校长，享受国务院政府特殊津贴。国务院学位委员会艺术专业硕士委员会戏剧影视召集人，中国电影家协会副主席。陈牛1957年9月出生，1982年毕业于北京电影学院表演系表演专业本科。现任北京电影学院表演学院院长，博士研究生导师。教育部高等学校艺术类专业教学指导委员会委员，教育部高职高专艺术类教学指导委员会委员。欢迎广大师生积极参加！科技处、研究生处、服装学院、艺术设计学院、新闻与传播学院 ? ? ? ? ? ? ? ? 2017年11月28日,2017/11/29?,www.zzti.edu.cn/info/1044/20122.htm,艺术学科建设与发展系列报告
,,,
,2017/12/04?,www.zzti.edu.cn/info/1044/20135.htm,关于提交国家自然科学基金资助项目进展报告的通知
,,,
,2017/12/06?,www.zzti.edu.cn/info/1044/20149.htm,关于提交国家自然科学基金项目结题的通知
,,,
,2017/12/07?,www.zzti.edu.cn/info/1044/20157.htm,关于开展2017年度校科研成果登记工作的通知
,,,
王前2017年12月19日下午2:00南校区4号楼311王前，大连理工大学教授，博士生导师，享受国务院特殊津贴专家，哲学一级学科博士点负责人、人文与社会科学学部学术委员会主任，中国自然辩证法研究会科学技术与工程伦理专业委员会理事长、技术哲学专业委员会常务理事、工程哲学专业委员会常务理事、科技文化专业委员会副主任、自然辩证法史专业委员会副主任、辽宁省自然辩证法研究会副理事长、辽宁省认知科学学会副理事长、辽宁省哲学学会常务理事等多项职务，在《哲学研究》、《自然辩证法研究》、《马克思主义与现实》等权威期刊发表论文百余篇，出版《中国科技伦理史纲》、《中西文化比较概论》等著作20余部。欢迎广大师生积极参加！,2017/12/08?,www.zzti.edu.cn/info/1044/20159.htm,高端学术讲座――科技伦理与负责任创新
,,,
电磁屏蔽高分子纳米复合材料郭占虎2017年月日（星期一）下午2号实验楼 ? ? Zhanhu Guo（郭占虎），美国田纳西大学副教授。年毕业于北京化工大学，获化学工程专业硕士学位；年毕业于路易斯安那州立大学，获化学工程专业博士学位；年年在加利福尼亚洛杉矶大学机械与航空航天工程系进行博士后研究，任副研究员，年年，美国拉马尔大学史密斯号丹化工系副教授；年至今美国田纳西大学化学与生物分子系终身副教授，实验室主任。目前担任国际期刊主编。教授长期致力于功能化聚合物纳米复合材料的制备及研究，通过对材料组成和结构的调控，研究复合材料的光学、电学、磁性能以及电子传输性质。目前已在等国际期刊上发表论文余篇，论文他引次数次，指数为。年度河南省国际人才合作项目郑州大学讲座教授，与郑州大学联合培养博士名，联合发表论文篇，其中高被引论文篇。 ? ? ?热烈欢迎广大师生积极参加，学习交流！ ? ? ? ? ? 科技处、材料与化工学院、先进材料研究中心 ? ? ? ? ?2017年月日,2017/12/08?,www.zzti.edu.cn/info/1044/20163.htm,外请专家郭占虎讲座通知
,,,
大数据时代会计的生存与发展高善生教授2017年月日（星期四）下午南区号组团楼座高善生博士，教授，博导，爱丁堡龙比亚大学中国发展与合作战略主管、商学院会计与金融学教授。年成为英国第一位华人会计与金融学教授，也是当时全英国该领域最年轻的会计教授。至今为止，担任荷兰、法国、中国、中国香港、澳大利亚等多国客座教授、兼职博导。现任亚非金融与会计，会计主编、全球会计与财务副主编、研究评论：国际期刊编辑顾问成员、塞尔维亚管理杂志、财务报告和会计、企业风险管理杂志、中国经济与对外贸易研究等编委。现任英国高等教育协会资格会员、英国会计学会会员、欧洲会计学会会员、中国经济学会（英国）会员、美国会计协会会员等多个学会和专业资格会员。有英国、阿联酋、中国等多国外聘专家经历。曾完成龙比亚大学商学院项目研究基金“债券担保与市场信号功能”、中国国家自然科学基金面上项目“财务报告创新，信息透明度和资源配置效率”、英杰华保险与西南财经大学，保险会计教育和研究项目、欧盟联合研究项目等多个研究资助项目。曾在中国、英国、中国香港、波兰、法国等工商管理硕士高级工商管理硕士（）工商管理博士（） 有教学经历。社会科学处、经济管理学院2017年月日,2017/12/13?,www.zzti.edu.cn/info/1044/20183.htm,外请专家高善生 (Simon S. Gao)讲座通知
,,,
超强聚合物纤维链延伸纺丝及低成本工艺姚冬刚教授2017年月日（星期一）下午南校区号楼学术报告厅姚冬刚，美国佐治亚理工学院材料科学与工程系教授，年在上海交通大学精密仪器专业获得学士学位，至年在苏州第一光学仪器厂工作，年和年在马萨诸塞州大学（阿姆赫斯特）机械专业分别获得硕士和博士学位，至年任奥克兰大学机械系助理教授，年起在佐治亚理工学院工作。教学和研究方向是高分子材料加工及成型，与工业实践紧密结合，现阶段研究重点包括：高强纤维纺丝新工艺、聚合物复合材料加工、塑料精密加工、粘弹本构方程、塑料加工建模等。他是年美国国家基金委奖获得者。在高分子材料加工方向发表了约篇学术论文。目前是美国机械工程学会期刊《加工科学与工程》的副编辑之一，也是国际期刊《聚合物工程与科学》的顾问委员之一。之前担任过美国机械学会跟纺织、高分子材料及复合材料相关的多个技术分委会的主席。年度负责国际塑料学会的应用流变学分委会的年会编辑。热烈欢迎广大师生积极参加，学习交流！ ? ? ? ? ? ? ? ? ? ? ? ? ? ? ? 科技处 ?纺织学院 ? ? ? ? ? ? ? ? ? ? ? ? ? ? ? ?2017年月日,2017/12/15?,www.zzti.edu.cn/info/1044/20193.htm,外请专家姚冬刚讲座通知
,,,
：无机固体化学的发展：钱逸泰 院士：2017年12月19日（星期二）上午10:00：图书馆北八楼学术报告厅： ? ?钱逸泰，江苏无锡人。1962年毕业于山东大学化学系。中国化学会顾问，中国科学技术大学化学与材料科学学院、山东大学化学与化工学院教授，1997年当选为中国科学院院士。2008年起任山东大学化学与化工学院院长。他于1982至1985，1989至1990，1992至1993年分别在美国布朗大学和普渡大学从事催化和固体化学研究。其主要研究方向为：溶剂热合成纳米材料和材料的电学性质研究。他将溶剂热合成技术发展成一种重要的固体合成方法，大大降低了非氧化物纳米晶材料的合成温度。先后获2001年度国家自然科学二等奖、2002年安徽省重大科技成就奖、2011年高等学校科学研究优秀成果一等奖等多项奖励。2008年当选英国皇家化学会（RSC）会士（Fellow）。编著的教材《结晶化学导论》获2009年教育部精品教材。曾担任《固体化学》杂志编委。共发表文章900余篇，引用20000余次。其中，苯热合成GaN纳米晶的工作发表在《Science》上，至今已被他人引用100余次。用Wurtz反应合成金刚石的工作发表在《Science》上，被教育部选为1998年十大科技新闻。目前已经培养了70多名优秀博士，6人获国家杰出青年基金，7人获得中科院百人计划，5人被评为“长江学者”，1人当选为中国科学院院士。 ? ? 热烈欢迎广大师生积极参加，学习交流！ ? ? ? ? ? ? ? ? ? ? ? ? ? ? ? ? ? 科技处、材料与化工学院、先进材料研究中心 ? ? ? ? ? ? ? ? ? ? ? ? ? ? ? ? ? ? ? ? ? ? ? ? ? ? ? ? ? 2017年12月18日,2017/12/18?,www.zzti.edu.cn/info/1044/20201.htm,外请专家钱逸泰院士讲座通知
,,,
国家社科基金项目选题、研究方法论证技巧王三秀教授2017年月日（本周周五）―16：南区号楼层模拟法庭王三秀，男，汉族，河南项城人，管理学博士，华中科技大学社会学院教授，博士生导师，中国社会保障学会及救助分会理事。主要研究方向为反贫困与社会救助、社会福利与社会工作等。在《社会保障研究》、《中国行政管理》、《法商研究》等重要期刊发表学术论文余篇，多篇被中国人民大学复印资料、《社会保障制度》、《中国政治》、《管理科学》及《新华文摘》转载。出版有《中国扶贫精细化：理念、策略、保障》、《教育反贫困：中国教育福利转型研究》等学术专著部。多篇论文与著作获得武汉市或民政部奖励。 主持国家社科基金项目、省部级和中央高校自主创新重点项目等课题余项。欢迎广大师生踊跃参与！社会科学处、法学院知识产权学院2017年月日,2017/12/19?,www.zzti.edu.cn/info/1044/20204.htm,2018年度国家社科基金系列培训之八
,,,
“党的十九大精神”与国家社科基金语言学科项目申报论证武和平教授2017年月日下午南校区号楼会议室武和平，年甘肃省静宁县人，西北师范大学国际文化交流学院院长、教授、博士生导师，西安外国语大学讲座教授。年，获广东外语外贸大学语言学博士学位；主要研究方向为对外汉语教学、语言学习技术和第二语言习得。研究论文在《外语教学与研究》、《语言教学与研究》、《外语学刊》、《国外外语教学》、《外语电化教学》、《中国电化教育》、《电化教育研究》、等国内外外语类或教育类权威或核心期刊发表，并被广泛引用或收录。主持国家社科基金项目、国家语委重点项目、中国外语教育基金、甘肃省教育规划项目重点课题及中美合作网络教育子课题等研究项目。近五年为本专业本科生及研究生开设《英语教育学》、《普通语言学》、《第二语言习得》、《心理语言学》、《汉外语言对比研究》等课程。曾获得甘肃省社会科学优秀成果三等奖、甘肃省教学成果二等奖、甘肃省高校社科成果一等奖、甘肃省青年教师成才奖。入选教育部“国培计划”专家库第二批人选，入选中国哲学社科科学最有影响力学者、入选陕西省“百人计划”项目、入选甘肃省领军人才第二层次人选，甘肃省“创新人才工程”第二层次人选，获得西北师范大学教学名师奖等奖励。欢迎广大师生踊跃参与！社会科学处、外国语学院2017年月日,2017/12/19?,www.zzti.edu.cn/info/1044/20205.htm,2018年度国家社科基金系列培训之九
,,,
从绘画到大地艺术再到绘画 王刚教授2017年月日（星期四）上午4号楼学术报告厅王刚，中国美协会员，河南省美协理事，河南省油画艺委会副主任，河南油画学会副会长，中原工学院教授。在中央美院美术馆、河南省美术馆、宁波美术馆、黑龙江省美术馆、山东美术馆、中国油画院、北京等，多次举办个展。曾获第六届全国美展优秀作品奖，十多次获河南省美展金奖和一等奖，大型行为艺术《老万大地浮雕》获河南省政府第五届文学艺术优秀成果奖，“大地生长”获年艺术节推介展优秀作品奖。作品被中国美术馆，中央美院美术馆，河南、黑龙江、山东省的美术馆，宁波美术馆，中国油画院，美国、法国、英国、日本、德国、意大利、加拿大等的艺术机构和私人收藏。社会科学处、艺术设计学院2017年月日,2017/12/19?,www.zzti.edu.cn/info/1044/20208.htm,王刚教授讲座通知
,,,
国家社科基金项目选题技巧及前期成果积累赵钢教授2017年月日（本周周四）―：南区号楼学术报告厅赵钢，男，武汉大学法学院教授、博士生导师，法学院教授委员会委员，武汉大学诉讼法学科博士点创始人之一。曾任《法学评论》执行主编。主持并参与多项国家社科基金项目。年获第六届全国人文社科优秀论文三等奖。先后在《法学研究》《中国法学》《中外法学》《法律科学》《法商研究》等法学权威、核心专业期刊发表论文余篇。兼任中国民事诉讼法学研究会副会长， 南京师范大学、福州大学、广西大学、广东商学院等校法学院客座教授等。欢迎广大师生踊跃参与！社科处、法学院知识产权学院2017年月日,2017/10/23?,www.zzti.edu.cn/info/1044/19904.htm,2018年度国家社科基金系列培训之五
,,,
1、中西合璧的艺术典范――乱针绣 ? 主讲人：吕存2、设计创新的南通扎染 ? ? ? ? ? 主讲人：焦宝林3、人类非遗云锦的传承与创新 ? ? ?主讲人：金文2017年月日上午―南校区图书馆楼学术报告厅吕存，江苏丹阳人，祖父吕凤子，知名美术家、教育家，正则绣的开创者。父亲年毕业于上海美专油画专业，正则绣导师。现为研究员级高级工艺美术师、中国工艺美术大师、享受国务院政府特殊津贴。吕存经几十年的努力，作品得到了专家，学者的肯定。江苏省工艺美术学会对他曾有一份评价：“他把传统的刺绣发扬光大，几十年如一日致力于正则绣理论研究和艺术创作，以独立的审美角度和独特的感悟方式，创作出具文化内涵、时代特征、艺术气息、人文精神的正则绣作品，在我国刺绣界独树一帜。他曾领衔主绣政府重要礼品――江苏省人民政府贺香港特别行政区成立的大型刺绣《归程》，受到省政府的表彰。在中法文化交流年（法国巴黎）中，他的作品被法国专家称为“真正的艺术品”。在中国参加联合国千禧年活动举办的《中国珍宝展》（美国纽约）中，他的作品被美国收藏家争相收藏。他在中国刺绣界享有极高声誉，作品在国际、国内重大文化交流与展出中屡获盛誉大奖，受到国家发改委的表彰。吕存为江苏乃至全国工艺美术产业提升和文化事业的发展作出了重大的贡献”。焦宝林，年出生于江苏海安，年毕业于南京艺术学院美术专科，年创办海安县扎染厂，年创建中日合资海安锦华服饰有限公司，任总经理、董事长至今。现为中国工艺美术大师，研究员级高级工艺美术师，江苏省非物质文化遗产“南通扎染技艺”代表性传承人；中国民间文艺家协会会员，中国工艺美术学会会员，江苏省工艺美术协会理事，南通市工艺美术协会副会长，海安县美术家协会名誉主席；中央美术学院、南京艺术学院等所艺术院校客座教授，联合国教科文组织和中国民间文艺家协会授予的“一级民间工艺美术家”，中国工艺美术协会授予的“年度全国工艺美术行业典型人物”，《人民日报》新闻战线授予的“人民眼中的中国当代百名工艺美术大师”，中国文学艺术界最高奖“山花奖”得主。建有焦宝林扎染艺术馆。金文，男，回族，年生，江苏南京人，年被评为中国工艺美术大师，年授予人类非物质文化遗产（云锦）国家级代表性传承人，享受国务院特殊贡献专家津贴。研究员级高级工艺美术师，江苏省非物质文化遗产专家委员会委员。从事云锦创作及古代丝织工艺研究四十余年。主持及参与十多项国家、省、市级科研项目。曾为南京博物院民俗研究所传统工艺研究室主任。现为中国非遗联盟副理事长、中国国际手工艺艺术文化交流促进会副会长。同时还任八所大学兼职教授。金文复制研究了大量古代织锦。系世纪龙袍织造第一人。其作品获多项国际大奖。此外，获有云锦国家专利及著作权三百余项。创作研究了大量云锦艺术品，同时还与现代生活结合开发了一批云锦文创产品。艺术作品被国家博物馆等十余家国家级博物馆收藏。文创作品也受到社会上的广泛好评。 ? ?欢迎广大师生届时参加！ ? ? ? ? ? ? ? ? ? ? ? 科技处、服装学院、艺术设计学院、纺织学院 ? ? ? ? ?2017年月日,2017/10/26?,www.zzti.edu.cn/info/1044/19929.htm,文化传承与发展―非物质文化遗产系列讲座
,,,
：智能制造突破智慧与机器的界限：赵华东：年月日（星期二）下午：号楼学术报告厅：赵华东，男，年生，毕业于武汉大学，获博士学位，以工业物联网、智能制造和机械设计为主要研究领域。现任郑州大学机械工程学院教授、郑州大学工业物联网研究所所长、郑州大河智信科技股份公司董事长。参与横向项目项，纵向项目项、科研鉴定成果项，发表科技论文余篇。获得高新区年度十大创业杰出青年的荣誉称号、成为“智汇郑州・聚才计划”创新领军团队的重要成员。欢迎广大师生积极参加！科技处、研究生处、机电学院2017年月日,2017/10/26?,www.zzti.edu.cn/info/1044/19932.htm,外请专家赵华东教授讲座通知
,,,
造型逻辑与大学生职业核心能力的规划与养成管郁生2017年月日（星期二）上午现代教育技术中心学术报告厅管郁生1994上海大学美术学院油画系毕业；1995北京人民大会堂国宴厅东大厅大型壁画绘制者；1995北京人民大会堂上海厅壁画绘制者；1996上海市人民政府贵宾厅大型壁画绘制者；2001上海市工艺美术学校教研室；2011年上海市工艺美术学校专业学科带头人；2008年上海文艺人才基金理事会年度优秀教师奖；2007高等艺术院校设计专业系列教材《素描》人民美术出版社；2013年上海市教委园丁奖；2013年上海市教委《数字化素描教学应用》项目负责人；2013年上海市教委重点项目《艺术类造型基础教学数字化平台应用与研究》负责人；2014年受聘中国数字艺术专家组对全国高校艺术数字教师进行艺术基础教学课改进行巡回培训；2015年研发艺术设计学科职业核心能力基础教学体系。2015年任上海市阿忒佳文化发展有限公司董事副总经理，负责职业教育产品开发与管理推广工作。2017年成立造型逻辑学院与审美学社。历任上海市教委职业评估院教育与行业评估专家。 ?艺术设计学院 ?社会科学处 ? ? ? ?,2017/10/27?,www.zzti.edu.cn/info/1044/19947.htm,外请专家管郁生讲座通知
,,,
各有关部门：按照国家社科规划办的有关规定，自年起国家社科基金项目经费分为直接经费和间接经费两部分。我校针对间接经费单独建账，专款专用，由社科处统一管理。项目负责人请参照《国家社会科学基金项目资金管理办法》和《关于印发中原工学院科研经费管理办法（试行）的通知（中工财〔〕号）》的有关规定执行。联 系 人：王雅、蔡森联系电话：社会科学处2017年月日,2017/11/01?,www.zzti.edu.cn/info/1044/19973.htm,关于国家社科基金项目间接经费使用的说明
,,,
Heat transfer andVisualizations in MicrochannelsPega Hrnjak教授2017年月日（周四）上午南校区 号教学楼学术报告厅 ?Pega Hrnjak教授为美国伊利诺伊大学香槟分校（）著名教授，现任美国国家自然科学基金资助的空调制冷中心主任，同时担任研究室主任、研发公司董事会主席，并领导了汇集全球近家世界知名空调制冷公司的工业委员会（）。 ? ?长期以来教授以提高制冷系统能效和实现绿色环保为目标，开展各类制冷系统的强化机理与关键技术研究，在国际上享有盛名，尤其是制冷系统及微通道换热器的应用研究在国际上处于引领地位。由于他在汽车空调、空调热泵领域及微通道换热器等方面取得的丰硕研究成果及其将成果成功的应用于工业界，教授先后获得空调制冷领域的多项国际大奖，年获得（热泵领域的最高奖）；年当选的；年获得（制冷界的最高奖）；年获得；年当选的；年当选的等。他是美国代表，）；的主席；副主编（），）副主编，同时还是多个国际期刊的编委，在著名期刊发表学术论文余篇组织国际会议次，特邀报告几十次，引用多次。国家自然科学基金申请之我见连之伟教授2017年月日（周四）下午南校区号楼学术报告厅连之伟教授，年于西安交通大学获工学博士学位，、、年以客座教授身份分别在韩国能源研究院、美国马里兰大学、丹麦技术大学国际室内环境与能源中心进行合作研究和学术交流。现为上海交大终身教授，博士生导师，室内环境与能源研究中心主任，建筑系副系主任。连之伟一直从事建筑环境与能源应用工程专业（原暖通空调专业）的教学及科研工作。主持了含一项重点项目在内的项国家自然科学基金和国家国家科技支撑计划国家重点专项子课题在内的多项国家级课题的研究。在国内外著名学术刊物上公开发表论文余篇，其中余篇刊物论文被收录。连续入选中国建筑类高被引学者榜单。已获国家发明专利授权近项。出版专著和教材部（含合著），其中主编的教材列为全国专业指导委员会规划推荐教材，并列为了十一五十二五十三五普通高等教育本科国家级规划教材。How to Do Researchand Guide PostgraduatePega Hrnjak教授2017年月日（周四）下午南校区 号楼学术报告厅 ?Pega Hrnjak教授为美国伊利诺伊大学香槟分校（）著名教授，现任美国国家自然科学基金资助的空调制冷中心主任，同时担任研究室主任、研发公司董事会主席，并领导了汇集全球近家世界知名空调制冷公司的工业委员会（）。 ? ?长期以来教授以提高制冷系统能效和实现绿色环保为目标，开展各类制冷系统的强化机理与关键技术研究，在国际上享有盛名，尤其是制冷系统及微通道换热器的应用研究在国际上处于引领地位。由于他在汽车空调、空调热泵领域及微通道换热器等方面取得的丰硕研究成果及其将成果成功的应用于工业界，教授先后获得空调制冷领域的多项国际大奖，年获得（热泵领域的最高奖）；年当选的；年获得（制冷界的最高奖）；年获得；年当选的；年当选的等。他是美国代表，）；的主席；副主编（），）副主编，同时还是多个国际期刊的编委，在著名期刊发表学术论文余篇组织国际会议次，特邀报告几十次，引用多次。欢迎广大师生届时参加！ ? ? ? ? ? ? ? ? ? ? ? 科技处、对外合作与交流办公室、教师发展中心、能源与环境学院 ? ? ? ? ? ? ? ? ? ? ? ? ? ? ? ? ? ? ? 2017年月日,2017/11/01?,www.zzti.edu.cn/info/1044/19978.htm,外请专家系列讲座
,,,
,2017/11/01?,www.zzti.edu.cn/info/1044/19984.htm,高端学术讲座――河南建设经济强省战略运行架构
,,,
国家社科基金项目选题及论证技巧陈忠海教授2017年月日（周四）下午北校区主教楼楼室陈忠海，博士，郑州大学信息管理学院教授，现任郑州大学信息管理学院院长。长期从事档案学、图书馆学本科教学和科学研究，是档案学硕士学科第一带头人，图书馆、情报与档案管理一级学科硕士学位点带头人之一，情报学和档案学硕士生导师。主持和参与完成多项国家社会科学基金项目，国家社科基金通讯评审专家。在《档案学研究》、《档案学通讯》、《中国档案》等权威及核心期刊上发表论文余篇，被中国人民大学复印报刊资料《档案学》全文转载余篇。获河南省社会科学优秀成果一等奖、中国档案学会优秀成果二等奖。社会科学处、图书馆2017年月日,2017/11/08?,www.zzti.edu.cn/info/1044/20012.htm,2018年度国家社科基金系列培训之六
,,,
各有关部门：为深入学习宣传贯彻党的十九大精神，把思想和行动统一到党的十九大精神上来，把智慧和力量凝聚到落实党的十九大提出的各项任务上来，为贯彻落实党的十九大精神提供强有力的思想和舆论支持，根据中共中央关于认真学习宣传贯彻党的十九大精神的决定和全省宣传思想文化系统学习贯彻党的十九大精神会议精神，省委高校工委、省教育厅拟于年月上旬召开“凝聚思想智慧　引领奉献新时代”全省高校社科战线学习宣传贯彻党的十九大精神智库论坛。现将有关论坛征文事宜通知如下：一、征文以“凝聚思想智慧　引领奉献新时代”为主题，发挥高校社科人才聚集、研究力量雄厚的优势，重点围绕党的十九大报告提出的新思想、新判断、新战略、新目标、新举措，习近平新时代中国特色社会主义思想、推进教育现代化建设教育强国的历史任务等内容进行深入研究和阐释。题目自拟。根据投稿质量择优作为大会发言并纳入成果奖评审。二、征文应坚持正确的政治方向，突出思想性和实践性。主题鲜明，观点正确，论述严谨，内容充实，文风简洁，表达准确，具有较强的针对性、创新性和可操作性。篇幅以字为宜，并附字以内内容摘要和字左右作者简介。三、文稿内容必须严谨求实，不得有违背知识产权相关法律规定的行为。征文截止时间：年月日，报送纸质材料的同时发送电子版。联系人：蔡森，联系电话：社会科学处2017年月日,2017/11/08?,www.zzti.edu.cn/info/1044/20013.htm,关于全省高校社科战线学习宣传贯彻党的十九大精神智库论坛征文的通知
,,,
体育学术论文撰写与国家社科基金项目申报杨军教授2017年月日（周四）下午分北区亚太楼会议室杨军，河南大学二级教授，体育学院党委书记、体育改革与发展研究中心主任，博士生导师，河南省高等学校教学名师，田径国家级裁判。现为教育部全国普通高等学校体育教学指导委员会委员、国家社会科学基金学科规划评审组专家、全国高等院校体育教学训练研究会副会长、中国高等教育学会体育专业委员会教师教育研究会副理事长、全国田径理论研究会副会长、河南省学生体育总会副主席等。曾获河南省优秀教师、教育系统优秀共产党员、教育厅学术技术带头人、优秀中青年骨干教师等荣誉称号。主持国家哲学社会科学规划课题项、横向课题项、教改项目项，完成省部级课题项；出版教材、专著部；发表学术论文余篇，获国家级、省部级等教学科研成果奖余项。社会科学处、体育教学部2017年月日,2017/11/09?,www.zzti.edu.cn/info/1044/20015.htm,2018年度国家社科基金系列培训之七 
,,,
The Cahn-Hilliard equationin image impaintingAlainMichel Miranville教授2017年月日（周五）下午南校区 号实验楼室AlainMichel Miranville教授主要从事非线性偏微分方程的研究，特别是侧重抛物型偏微分方程的定性理论、生物与医学中数学模型、相变理论、无穷维动力系统等。应邀访问美国、法国、德国、中国等国的大学和研究机构，并多次在国际会议上作学术报告和组织过多次国际学术会议。欢迎广大师生届时参加！ ? 科技处、理学院 ? ?2017年月日,2017/11/09?,www.zzti.edu.cn/info/1044/20017.htm,外请专家Alain Michel Miranville教授讲座通知
,,,
各相关部门：根据《中原工学院学术专著出版基金管理办法》（中工科文〔2004〕6号），2017年度中原工学院学术专著（社科类）出版基金的申请工作即日启动。现就有关事项通知如下：一、资助范围与申请条件：1. 反映本学科最新研究成果并具有较高水平的2016年11月1日至2017年10月31日出版的学术专著；2. 第一作者必须是我校在职在岗教师；3. 学术专著已获厅级以上部门资助的科研项目成果不再重复资助；4. 已出版学术专著原则上应在封面或扉页中标明“中原工学院学术专著出版基金资助”字样。二、需提交材料：1.《中原工学院学术专著出版资助申请表》一式1份（附件1）；2. 学术专著原件2本；3. 与出版单位签订的合同书或出版发票；4. 2016年中原工学院专著出版资助申请汇总表一式1份（部门主管领导签字并加盖部门公章，附件2）；5. 两位具有正高专业技术职务的校外专家填写的同行专家推荐表各1份（附件3）；三、申报受理时间和地点：请各部门于2017年11月22日前将申报材料纸质版和电子版报送社科处成果管理科。联系人：杨博　联系电话：62506920 社会科学处2017年11月10日,2017/11/10?,www.zzti.edu.cn/info/1044/20029.htm,关于申请2017年度中原工学院学术专著（社科类）出版基金的通知
,,,
,2017/11/10?,www.zzti.edu.cn/info/1044/20030.htm,高端学术讲座――纤维性滤材过滤特性研究
,,,
,2017/11/13?,www.zzti.edu.cn/info/1044/20033.htm,关于申报2018年度河南省重大科技专项项目的通知
,,,
PEG修饰抗体药物药物研究进展张守涛 教授2017年月日（星期二）下午2号实验楼会议室张守涛，男，教授，博士生导师，郑州大学生命科学学院副院长，河南省功能生物大分子重点实验室副主任、河南省生物工程技术研究中心副主任，河南省优秀专家，河南省学术技术带头人，河南省杰出青年基金、高校创新人才支持计划获得者，郑州大学“生物技术药物学”学科带头人。张守涛教授主要从事生物技术药物和再生生物学研究，主持国家“重大新药创制”科技重大专项项、国家“重大传染病防治”科技重大专项子课题项、国家自然科学基金项、国家博士后基金特别资助项，其他省部级课题项。主持或参与了多个生物药物的研发工作，其中重组人粒细胞集落刺激因子、重组人白介素已上市，近年来主持的修饰抗体药物取得重大突破，生物类似药雷珠单抗已完成成果转让，转让经费万元。 ? ? ? ?另外，张教授将与大家分享国家自然科学基金申报中的写作技巧和注意事项。 ? ? ? ?热烈欢迎广大师生积极参加，学习交流！ ? ? ? ?科技处、材料与化工学院、先进材料研究中心 ? ? ? ? ? ?2017年月日,2017/11/13?,www.zzti.edu.cn/info/1044/20044.htm,外请专家张守涛教授讲座通知
,,,
缺位导向合成化学杨国昱 教授2017年月日（星期二）下午2号实验楼会议室杨国昱，、北京理工大学、。国家杰青、长江学者、新世纪百千万人才工程国家级人选、享受国务院政府特殊津贴、中科院引进国外杰出人才暨百人计划、卢嘉锡优秀导师奖、中科院优秀研究生指导教师奖、中科院朱李月华优秀教师奖、福建省自然科学奖一等奖第一完成人、国家自然科学奖二等奖第一完成人等。入选爱思唯尔、及年中国高被引学者榜单化学科学领域。曾在吉林大学化学系学习、工作十四年。年吉林大学本科毕业年硕士毕业并留化学系工作。年获吉林大学博士学位。年破格晋升为副教授主要从事配位化学、水溶剂热化学及金属氧合团簇化学研究。年至年在美国圣母大学从事博士后研究；年至年在瑞典从事博士后研究主要方向为微孔材料的合成、表征及性能。年入选中科院引进国外杰出人才暨百人计划。年回国到中科院福建物质结构研究所工作。年月到北京理工大学化学学院工作。现主要从事无机合成与材料化学研究包括过渡金属氧合团簇、锗氧团簇、稀土氧合团簇、硼氧团簇及氧合团簇单元构建的多孔材料、催化材料及二阶非线性光学材料等。承担了中科院引进国外杰出人才专项基金、委重大研究计划重点项目、国家重大科学研究计划计划、国家杰出青年科学基金及面上项目等研究。 ? ? ? ?已申请专利项授权项并在、、及等有影响的杂志上发表论文余篇。主编《氧基簇合物化学》专著部，撰写专章多篇。同时应邀为、、、、、、、、及等余种国际学术期刊审稿。已培养青年人才余人，包括全国优博论文提名奖人现为闽江学者、国家青年千人、中科院优博论文奖人、中科院优博论文提名奖人、卢嘉锡优秀研究生奖人、中科院院长奖学金优秀奖人、宝钢优秀研究生奖人、中科院刘永龄奖学金特别奖人、中科院刘永龄奖学金优秀奖人、优秀毕业研究生奖多人、研究生国家奖学金多人。曾多次参加国内外学术会议并做大会及邀请报告。另外，杨教授将与大家分享国家自然科学基金申报中的写作技巧和注意事项。欢迎广大师生积极参加，学习交流！ ? ? ? ?科技处、材料与化工学院、先进材料研究中心 ? ? ? ? ? ?2017年月日,2017/11/13?,www.zzti.edu.cn/info/1044/20045.htm,外请专家杨国昱教授讲座通知
,,,
,2017/09/28?,www.zzti.edu.cn/info/1044/19779.htm,关于对河南省软科学研究计划项目进行集中结项的通知
,,,
,2017/09/28?,www.zzti.edu.cn/info/1044/19780.htm,关于郑州市科技局科技人才项目及国际合作项目结题验收有关事项的通知 
,,,
一、国家自然基金培训 ? ? ? ? 二、教学团队建设张锐2017年月日（星期四）下午南区号实验楼张锐，男，教授，博士生导师，郑州航空工业管理学院副院长，中国硅酸盐学会特种陶瓷分会理事，教育部无机非金属材料专业教学指导委员会委员，河南省青年科技工作者协会副会长。河南省杰出青年基金获得者。长期从事无机复合材料研究，尤其致力于复合材料性能和界面理论研究。在金属陶瓷复合材料、基陶瓷边界层电容器、多孔陶瓷过虑材料及其在环境保护领域的应用等领域取得了一定进展。近年来在，等国内外知名刊物上发表论文余篇，其中收录篇；河南省自然科学优秀论文一等奖篇，二等奖篇。年中国科学院严东生院士奖学金获得者；年郑州大学院士青年科技奖获得者。 ? ? ? ? ? ? ?科技处 ?材料与化工学院 ? ? ? ? ? ? ? 2017年月日,2017/09/28?,www.zzti.edu.cn/info/1044/19781.htm,2018年国家自然科学基金系列培训之二 外请专家张锐教授讲座通知
,,,
,2017/09/28?,www.zzti.edu.cn/info/1044/19785.htm,关于申报2018年度河南省优秀创新型科技团队的通知
,,,
,2017/09/28?,www.zzti.edu.cn/info/1044/19786.htm,关于开展国家重点研发计划政府间国际科技创新合作/港澳台科技创新合作重点专项2017年度两岸、内地与澳门联合资助研发项目申报工作的通知
,,,
,2017/09/29?,www.zzti.edu.cn/info/1044/19791.htm,关于申报2018年度河南省科技创新杰出人才杰出青年的通知
